ID,TARGET_5Yrs
0,0.8118963099465873
1,0.809646745839536
2,0.9132458255409813
3,0.9443366792220249
4,0.7834794272939578
5,0.9030787162706638
6,0.7578405616867753
7,0.7840309305339218
8,0.8496032851100114
9,0.5634308577604931
10,0.8605994582072034
11,0.9408987495357747
12,0.7899560621442033
13,0.9313882452196848
14,0.9544392244743439
15,0.9375606584309834
16,0.9311214068521638
17,0.8256597618322574
18,0.6220260230862472
19,0.9241936892298617
20,0.982940179473185
21,0.9916752397996628
22,0.925469494230009
23,0.800211083275723
24,0.8982116195556431
25,0.9206201040940011
26,0.9015300002233492
27,0.9697265280176572
28,0.9163214293294496
29,0.8672407645033099
30,0.868834076260874
31,0.8270365621840758
32,0.7636407509936977
33,0.7164630347124882
34,0.6977922794895758
35,0.7270961702167513
36,0.7492009567225303
37,0.6306561037149346
38,0.8385102632615591
39,0.9500321805218681
40,0.973488247221791
41,0.8450820725094168
42,0.7818647796225083
43,0.8532774624638975
44,0.8601535368820196
45,0.8819040709158611
46,0.8172451122204345
47,0.7808987810025886
48,0.7710167446567342
49,0.7815360437039863
50,0.7751493417950395
51,0.8467638540021842
52,0.9291241075757275
53,0.5748214111037239
54,0.9729977133732143
55,0.8002138910008468
56,0.8794946221339384
57,0.5088535870725857
58,0.8981349999729207
59,0.9852966299379979
60,0.931451250585643
61,0.8637003289318991
62,0.8244329108474089
63,0.9701312262680917
64,0.8891010107048527
65,0.6191085453552712
66,0.8205389467459216
67,0.7086292984063902
68,0.7977250690914635
69,0.8723036190172725
70,0.9573843905507524
71,0.9319218616406019
72,0.8746653464292334
73,0.7541830719364365
74,0.8393920424670883
75,0.8438446385894112
76,0.8072265015862823
77,0.8081629753322479
78,0.8876349371200738
79,0.9562415220054856
80,0.9345043551872833
81,0.8823914469199818
82,0.8861181811153631
83,0.7124183977221441
84,0.7586082526187351
85,0.5304765334785971
86,0.788183663417545
87,0.8376263389189075
88,0.7274472805248966
89,0.8155385461850381
90,0.9094043919593696
91,0.6352100326326002
92,0.9312110561551452
93,0.9530258148590054
94,0.81386792596214
95,0.940431524762021
96,0.9546164186454856
97,0.9327755167345548
98,0.5891223720718035
99,0.9155092355143617
100,0.8721861019605074
101,0.9103516004482627
102,0.945391193060156
103,0.8690776149958364
104,0.873332042647847
105,0.9184462143896568
106,0.9463119328197802
107,0.5735538169622296
108,0.9328830222932641
109,0.5694018551047044
110,0.9642993623764635
111,0.8455543596182848
112,0.6550908789288316
113,0.9329116980630493
114,0.8797293139040986
115,0.9738077477168595
116,0.8269587295836432
117,0.6913657060443561
118,0.7653434185381934
119,0.7164578232961665
120,0.9450758944933978
121,0.7290187342744022
122,0.95916512391524
123,0.9186880852561963
124,0.8493843248918685
125,0.9257377550528623
126,0.8336701711928635
127,0.9069046330269318
128,0.907912137274989
129,0.7586084821517288
130,0.8682382046628888
131,0.948180375675241
132,0.8384244280298646
133,0.8196467813042364
134,0.8789662461372749
135,0.8712091902063678
136,0.9279297759235445
137,0.9364419995196602
138,0.9005167191273479
139,0.750611079026923
140,0.9297891626371269
141,0.9104226637510497
142,0.7880272435546422
143,0.7744780641284498
144,0.7439411521149314
145,0.841363379920139
146,0.6766596910125386
147,0.7578544571529556
148,0.9383980224389955
149,0.7154255935966476
150,0.8903373645290208
151,0.8456003284254602
152,0.7715255792291644
153,0.9136734828247067
154,0.922842294005607
155,0.9368130637519685
156,0.5715898255019326
157,0.8378788013708305
158,0.9686525142492685
159,0.7040829368938981
160,0.774192340229086
161,0.9466980970155667
162,0.8083072437858332
163,0.7069952372050669
164,0.8465348817279289
165,0.9258318005418182
166,0.9579269974324635
167,0.7945821383619333
168,0.9509100794896146
169,0.952542421141701
170,0.740206003087771
171,0.742354558569595
172,0.9213688592110016
173,0.9401476693695694
174,0.9150719982507034
175,0.9319050426577011
176,0.7905670288332359
177,0.7966976293751064
178,0.8025217099328678
179,0.7413577678424773
180,0.8836392285807937
181,0.9913534163347338
182,0.9478073809406204
183,0.691357511996449
184,0.9145284374848343
185,0.6925604776839192
186,0.5183290831127186
187,0.9009212984225862
188,0.943976586531722
189,0.7906983582457339
190,0.7251815084189549
191,0.7571853931256405
192,0.8267761786682045
193,0.8889855903370224
194,0.9229196111880968
195,0.7812908069926539
196,0.9580849650819099
197,0.773546147656522
198,0.7963740002723052
199,0.7891340984934903
200,0.766079235829084
201,0.8144111738705491
202,0.6770185759382388
203,0.8398409390039542
204,0.7326460428252066
205,0.5970886797401039
206,0.8078887375751954
207,0.9362000001973475
208,0.7852212675268023
209,0.9573568824915271
210,0.8421033101742194
211,0.9379153129355802
212,0.9728728414470381
213,0.921745187237301
214,0.8834752253756738
215,0.9696712641936133
216,0.7935784317024098
217,0.6701469392770466
218,0.7499185930187531
219,0.9352221718030366
220,0.9860122851384944
221,0.8943590077687023
222,0.8512119095591159
223,0.6154329596906702
224,0.9150747322563881
225,0.7745340174461136
226,0.8703363944499601
227,0.9049982964643284
228,0.7594442948722788
229,0.7893952748286656
230,0.9285535591561104
231,0.790870301024943
232,0.8389914764690948
233,0.9378002553099812
234,0.8451612902743699
235,0.9823792434059361
236,0.9024997290897004
237,0.7047634516028703
238,0.8553888004032096
239,0.9565712350689545
240,0.9696522487698147
241,0.8754961123414099
242,0.8932467944986745
243,0.8711009526070523
244,0.9467431729974041
245,0.7870940570455571
246,0.5836767344986232
247,0.8086484486841343
248,0.6919177184354119
249,0.8685783389676274
250,0.5924003620824144
251,0.9205029024018048
252,0.8868145803646327
253,0.9520807672322869
254,0.9083333398901373
255,0.9046420161159476
256,0.8040503282457251
257,0.8723003294826162
258,0.752400712727949
259,0.8723134738922672
260,0.9387804004489959
261,0.6343355098112594
262,0.8857369501677782
263,0.699401915814425
264,0.5679666289467309
265,0.8692535236516664
266,0.8895751167494997
267,0.7856000085034403
268,0.8319041878162698
269,0.8749688627484675
270,0.8191417373292753
271,0.7866914787339427
272,0.6935723801223237
273,0.9034356204019034
274,0.8431253835273606
275,0.8482915755462256
276,0.7901698695485666
277,0.9486515174048152
278,0.9886233959446079
279,0.6536406999821145
280,0.8476737786674112
281,0.867893082503517
282,0.9470116149478909
283,0.91669536076825
284,0.8350405883219048
285,0.9246848617463301
286,0.7413363203688857
287,0.9166314558813321
288,0.9459169949750516
289,0.9564656103904716
290,0.8650735942091178
291,0.7005051919422899
292,0.9033863047813552
293,0.8065413069245276
294,0.855256424639831
295,0.6540475192431259
296,0.8220863619953572
297,0.946849628019164
298,0.9600609771712565
299,0.8526993717937038
300,0.6974334498340964
301,0.9564037880848183
302,0.7588278673222001
303,0.9384455001272278
304,0.9019285276886834
305,0.8910069460509342
306,0.8892448007632741
307,0.6122169973591443
308,0.7529491066835848
309,0.7812691502089774
310,0.9161308179919064
311,0.8711028735645535
312,0.7643608466532223
313,0.811815998495325
314,0.7234362939181105
315,0.9015825870095404
316,0.9448458092436343
317,0.916221203487007
318,0.72957703034142
319,0.8635359459132808
320,0.7764885232028174
321,0.9645742086165496
322,0.74731279365739
323,0.8538229142654519
324,0.6898162669249275
325,0.8925471618873024
326,0.9209399364347445
327,0.722546921520036
328,0.9114274956932974
329,0.6801447727330614
330,0.9113281064234381
331,0.8528473894910854
332,0.8604458088795887
333,0.9228904336592814
334,0.8242112823965837
335,0.8034286675802265
336,0.8870584615219623
337,0.9038474410457504
338,0.8865032107733347
339,0.7820677700697737
340,0.9172357619702446
341,0.8075295511192361
342,0.8953440718049422
343,0.6810811659095901
344,0.9283136308468036
345,0.8927802354814967
346,0.7391694965228174
347,0.8391090311454024
348,0.7520035409749825
349,0.9246782646048741
350,0.7797917733531747
351,0.7186961371165493
352,0.8844363165888799
353,0.933733052332408
354,0.9398570811749504
355,0.8805691459020245
356,0.8049498131820055
357,0.769503658754915
358,0.8508956288373816
359,0.8508246761162339
360,0.7986570487661152
361,0.7591610798481015
362,0.545974803295937
363,0.9370052312986987
364,0.8353114071587616
365,0.6337657908165407
366,0.8831080261315676
367,0.9079218464105139
368,0.6524495933760637
369,0.9403325200855995
370,0.921813719579321
371,0.8221174955552804
372,0.943019184893428
373,0.8927476414108405
374,0.9926734283763813
375,0.9533558353467688
376,0.9141556643197947
377,0.7870979634012654
378,0.7433729694853476
379,0.5029395589815399
380,0.8441289129175354
381,0.8666466952214826
382,0.8308320341933934
383,0.8589096689639558
384,0.7807024159237431
385,0.5613866017989917
386,0.7718039562218769
387,0.951717215224079
388,0.8979739081133536
389,0.8451913967353417
390,0.8854783998319805
391,0.8243588085637183
392,0.8237949415844903
393,0.9228959946954242
394,0.6977184888895656
395,0.8781503437135622
396,0.7369817035102142
397,0.8978622989824797
398,0.818462983553483
399,0.9427906315372231
400,0.7444073502986399
401,0.908130485377567
402,0.9119216491387716
403,0.9320507439181938
404,0.815026414357281
405,0.5706035144992817
406,0.9684823156860518
407,0.823772347561952
408,0.9096776579782181
409,0.8811685201943081
410,0.9069826930028462
411,0.8421262822786627
412,0.9097110275521364
413,0.9569620169086824
414,0.7562666511677293
415,0.9756901049343892
416,0.9209205475094443
417,0.9264273729725577
418,0.8223220228527437
419,0.9049138505824887
420,0.8827976802564658
421,0.8246047835576072
422,0.8774902240665725
423,0.8277822061094913
424,0.7089259917366725
425,0.8996618180362019
426,0.749576326645717
427,0.7761619756130921
428,0.8624709733678523
429,0.8314915543098963
430,0.7906538572662019
431,0.818237354284764
432,0.8556548698887321
433,0.9436074127132369
434,0.931625612986021
435,0.9611737789423231
436,0.8376261971334652
437,0.7505299970690145
438,0.908732471927915
439,0.7663678072195707
440,0.8746909551331358
441,0.9490348046046648
442,0.9366086310258009
443,0.7398401946348416
444,0.6519684631220756
445,0.8517380660718389
446,0.7790810336288905
447,0.6988957234471372
448,0.7431054840327075
449,0.8197125262126594
450,0.9176043130992318
451,0.8602548572732406
452,0.9284334532283748
453,0.8767841574371915
454,0.9661619297727302
455,0.869386320270556
456,0.9117756538888808
457,0.9516179242806742
458,0.8748611460784484
459,0.6980979794775463
460,0.7867336966712815
461,0.7354808778584658
462,0.7951728783022295
463,0.767618560261287
464,0.961520589444018
465,0.8191983043953927
466,0.8168443174488574
467,0.8982567569075962
468,0.9120461018742996
469,0.572984180907294
470,0.9299539365135479
471,0.9387442741081157
472,0.9321245067248117
473,0.9239260404364718
474,0.8338213975293485
475,0.8943253781816073
476,0.9039013121694425
477,0.7312918863009821
478,0.7661769460334952
479,0.9822498404376921
480,0.9026227150148396
481,0.7765566667539584
482,0.8778891977546389
483,0.789697876556329
484,0.6629100637403843
485,0.7938304385324526
486,0.8411492703927937
487,0.8840892223766861
488,0.7845998305217452
489,0.7734615918807413
490,0.8227051420232211
491,0.8750788579296207
492,0.6246541989188499
493,0.8973121850868373
494,0.9156627550171217
495,0.9475556232110284
496,0.7923577471502985
497,0.8183730251596941
498,0.7719465579169599
499,0.8839044508786684
500,0.8525776346314268
501,0.744419422470839
502,0.9807402552594752
503,0.6947623794431647
504,0.929269684812732
505,0.809441132817552
506,0.7673499776982768
507,0.8796827987791014
508,0.9040282606937879
509,0.7628998972959536
510,0.8012949612407348
511,0.9313838197953316
512,0.708426280348134
513,0.8284240301751132
514,0.8233246240067287
515,0.9451689553956433
516,0.823566236613232
517,0.8465173618624603
518,0.8211961494148693
519,0.8819640098407571
520,0.9836730698266635
521,0.8173765389151422
522,0.9226675396893842
523,0.7255153251512443
524,0.7758621291803376
525,0.579514265044013
526,0.9170055002142958
527,0.920345449882602
528,0.8404082694772339
529,0.8663035005004779
530,0.8939702921275254
531,0.9369155062925336
532,0.8127073219744341
533,0.8589075116637759
534,0.954670597590681
535,0.6568750274626756
536,0.7974708353807145
537,0.8677332748491935
538,0.7084020506757586
539,0.8520270692547477
540,0.8041943018474872
541,0.7983091213530388
542,0.9034310390967774
543,0.8596870571901083
544,0.8450196028855589
545,0.9488886533130227
546,0.9603463124194301
547,0.8125391864373439
548,0.7477905344299615
549,0.7580180373721224
550,0.7921230946017751
551,0.9266157160612262
552,0.6665701936785173
553,0.7383553190037803
554,0.7478989823178251
555,0.8129619182546867
556,0.8238715761577322
557,0.7064041991105594
558,0.8556795408616734
559,0.8059618611702645
560,0.7990995107024702
561,0.9073512585304065
562,0.9654018400017711
563,0.7142336225907813
564,0.6457122809327902
565,0.8311964166449755
566,0.8519052459687502
567,0.729774660274348
568,0.8628487305712009
569,0.8366451445125572
570,0.8862652031967446
571,0.916773110088779
572,0.8630432292808597
573,0.8559320561245272
574,0.9234308876009156
575,0.8106074787202056
576,0.6540801550255576
577,0.9057688919758456
578,0.9228333970953921
579,0.9294233313853633
580,0.8109858236825285
581,0.8891000037404584
582,0.8307480998809732
583,0.6011224612561629
584,0.7867878278293831
585,0.847981786047309
586,0.7284367963423175
587,0.9896299486167761
588,0.9754282977608026
589,0.8596555171515919
590,0.9632901836906546
591,0.8719403830313601
592,0.9439948974495732
593,0.8720277105182238
594,0.7092286122165312
595,0.7537883754267611
596,0.9438041718334802
597,0.8294209991931665
598,0.8355767214705568
599,0.7340320937250834
600,0.9449922110187666
601,0.8003126487223472
602,0.9660649718028393
603,0.8940328781582274
604,0.8925275360203109
605,0.7287250194051315
606,0.9102900232040372
607,0.8731613042892186
608,0.7933716053412493
609,0.9481470282648078
610,0.8241099188970673
611,0.8797353884226373
612,0.8107244601651423
613,0.959211721799227
614,0.8134885170015733
615,0.8477691573962493
616,0.9039471568518069
617,0.9018057601323982
618,0.7718468355673035
619,0.764334505434729
620,0.9679168652956698
621,0.933815414551309
622,0.8826574080656096
623,0.868088959793015
624,0.963197193898624
625,0.8649609762522973
626,0.9187536430081418
627,0.9232703183044589
628,0.8841016036380522
629,0.9784617787822224
630,0.8886911966701009
631,0.9417597008725994
632,0.8672485482600936
633,0.6632225546049594
634,0.9123420561393042
635,0.7909347190190057
636,0.895966922760394
637,0.7940225535277071
638,0.7686201349782132
639,0.937753222782839
640,0.9769196991033733
641,0.8610137646415753
642,0.8328430008564139
643,0.9115053248697234
644,0.8193023209132025
645,0.8687822604933836
646,0.7597864647245285
647,0.7000109572207697
648,0.8532091808122101
649,0.9425915298469988
650,0.7977548591975442
651,0.8129027680052383
652,0.7787267962058081
653,0.8659376314216021
654,0.848594127015362
655,0.7807478951647674
656,0.5006989581749542
657,0.8694975943958979
658,0.8519458471328865
659,0.9306735515627094
660,0.8881629446682616
661,0.7775164394011457
662,0.7134589795217522
663,0.9360588423438629
664,0.8286965454033565
665,0.7998228313616647
666,0.880193546784405
667,0.8461766687298357
668,0.8336111025792506
669,0.6486473851741507
670,0.9539838940713474
671,0.8258353879972733
672,0.8144508378901857
673,0.8849685850988742
674,0.7243031980611063
675,0.8713736757309531
676,0.8994224137905614
677,0.6240858188925864
678,0.8781396692452634
679,0.6017573959424943
680,0.8515762427878418
681,0.9642560825574407
682,0.7261745785297439
683,0.882086231736821
684,0.9658367421971016
685,0.818533252871096
686,0.7075705776082244
687,0.9274622010925403
688,0.8578092592143111
689,0.6024958383093669
690,0.7730057989061042
691,0.611065284396805
692,0.9604062700405888
693,0.907604074559383
694,0.9486085828542261
695,0.8931419665067004
696,0.8644102464479372
697,0.8343896063626873
698,0.9078687899310645
699,0.8231378793331511
700,0.9134375404140799
701,0.7838736105287234
702,0.8922692659107501
703,0.7450608732087343
704,0.7661649913300033
705,0.7112694192577572
706,0.9219618638808019
707,0.9106549155730786
708,0.6334460435836654
709,0.7623857332659326
710,0.8689693161955518
711,0.8848855863966213
712,0.9645598213101435
713,0.8894834881536481
714,0.852118599736604
715,0.9139700720979005
716,0.9560072702890562
717,0.8633746723634654
718,0.9416993811169021
719,0.6696603885854643
720,0.8950881646558669
721,0.962608071311793
722,0.8295104411084636
723,0.8372410083895495
724,0.8813372690386315
725,0.7608600439114662
726,0.943710645180431
727,0.7894847131026761
728,0.9668401405494814
729,0.7701239899181302
730,0.8770917979764764
731,0.8082139157293522
732,0.7360749169645705
733,0.6720850615347674
734,0.8135999735001704
735,0.756916231530324
736,0.8462449235223696
737,0.8977927702981574
738,0.8588860576665425
739,0.8238457756306411
740,0.8598825975829761
741,0.8577407742105333
742,0.9478305924053397
743,0.8815059237911086
744,0.7737201057183278
745,0.9555236768995814
746,0.883543843280235
747,0.8155957975522371
748,0.8422341164236106
749,0.7270591355660345
750,0.8063714164096231
751,0.74546315089815
752,0.8159014439511217
753,0.885270733914335
754,0.6636929871796876
755,0.8420585658938238
756,0.9746341786668846
757,0.7496783097690249
758,0.7981334208624857
759,0.8965144677324002
760,0.6705965756680975
761,0.6916821336913829
762,0.6394765592179766
763,0.9437404463695506
764,0.8984269149253932
765,0.8918178137855901
766,0.7683398368560023
767,0.9490810368319671
768,0.7345591841248336
769,0.947721853218016
770,0.9461920762736348
771,0.9214230398666711
772,0.9637909436884061
773,0.746086194451257
774,0.6741023674605342
775,0.9560951206362616
776,0.9548120768521434
777,0.8773848933500387
778,0.7125427266744321
779,0.8357778953547398
780,0.9151162700283552
781,0.9149003863783693
782,0.9427392361997218
783,0.9495388394121357
784,0.8593961441462179
785,0.9331130481552034
786,0.8598471935083304
787,0.9376871029995152
788,0.7829879908370233
789,0.9216219658333031
790,0.9115753954390188
791,0.8519890365588436
792,0.7985938539152494
793,0.8926149713799374
794,0.8689140832504939
795,0.6637287141555572
796,0.6636221253173792
797,0.8668117658098528
798,0.8020900648789642
799,0.9163344914089411
800,0.8448494496011706
801,0.806425300605347
802,0.894634188617603
803,0.8264113401366531
804,0.7846292433479598
805,0.9158455033439077
806,0.8324455984950827
807,0.9601581596512414
808,0.9161424248359316
809,0.7971268806172369
810,0.9314836801853787
811,0.8062009840974235
812,0.9712436841551435
813,0.8540541473597033
814,0.8974716580636022
815,0.8595238559032498
816,0.8188905433314706
817,0.8868342406883686
818,0.8768275466030854
819,0.8174866954897263
820,0.876747985534073
821,0.9168187426163765
822,0.6471375014269998
823,0.7386079264770462
824,0.6373841859367538
825,0.7592112776812527
826,0.9127150865702173
827,0.674676696434672
828,0.8643719282424513
829,0.889517280561495
830,0.8814526244823058
831,0.8314474881733828
832,0.7786083298889039
833,0.9126094847474746
834,0.6970016522339694
835,0.9570334217404519
836,0.5531928758778498
837,0.9208065832880691
838,0.6594213620880861
839,0.8927600600273776
840,0.9561992798385643
841,0.8909380831511782
842,0.839029118686833
843,0.7264980361922062
844,0.8301111913796825
845,0.816602699653654
846,0.9499202367068292
847,0.7934646689214379
848,0.6846177113254313
849,0.8449839855805502
850,0.8505932976409724
851,0.8511391442103884
852,0.8205661812381262
853,0.8631858968507216
854,0.8048771733948339
855,0.7922275264229681
856,0.8944866255103947
857,0.7890719587613779
858,0.8844853645411719
859,0.9644933324488528
860,0.8907340513101022
861,0.8782805777738963
862,0.7979861789112889
863,0.8018089281642219
864,0.9447252634218358
865,0.7331908827502547
866,0.8432668035314983
867,0.7643110712461655
868,0.7768330196270266
869,0.9572223371233552
870,0.7512402467750274
871,0.9296807294543452
872,0.8692804268978569
873,0.8006106755517067
874,0.6974207837032733
875,0.8165318498277319
876,0.8929584498394113
877,0.8683458083128709
878,0.8529942956963562
879,0.7759784356464725
880,0.710994368573295
881,0.4985391804773673
882,0.8256845661561443
883,0.8117033126003909
884,0.9089502876236514
885,0.9271354712342241
886,0.8167844265194328
887,0.9252085224169272
888,0.9466467988066856
889,0.7515387079221906
890,0.8526814368631523
891,0.8770715282885283
892,0.860881646628565
893,0.9388407866170716
894,0.719280401653237
895,0.9109098057726154
896,0.8061608457279886
897,0.8523465316068265
898,0.8463310139146424
899,0.7878098025546433
900,0.7399688266851092
901,0.8702110058134063
902,0.8024213739485884
903,0.7770534428610575
904,0.7980376063504224
905,0.8811642216611462
906,0.9201882873719419
907,0.7627798025421394
908,0.7810404774007632
909,0.6529149057800344
910,0.7272016010596055
911,0.9610428196728676
912,0.7262427684656485
913,0.7608212545888668
914,0.9195548151689397
915,0.7585446025894069
916,0.8168166923965317
917,0.789531939339566
918,0.9394311916312641
919,0.7280308707564708
920,0.6984308043274792
921,0.8295274743393899
922,0.9622398739970887
923,0.6772014585839484
924,0.7253769213394243
925,0.8286571584141873
926,0.7899061337414449
927,0.5769243084080182
928,0.7725369147624007
929,0.8818382613462158
930,0.7433185197864646
931,0.9028345589870619
932,0.8543216895452665
933,0.8452402713529692
934,0.9006562538908696
935,0.8402080746442337
936,0.8297634524999569
937,0.644010812008555
938,0.8889459321807363
939,0.8957341933871376
940,0.873868759384679
941,0.883720588427995
942,0.7724614339343836
943,0.8979815490455385
944,0.7596298003970517
945,0.8953418551838288
946,0.9612220506914682
947,0.7977339876353753
948,0.859160906420604
949,0.8201980275314886
950,0.8714392132153649
951,0.8699619034163446
952,0.940093169504259
953,0.7502297765468458
954,0.8418959552619047
955,0.9138715132077089
956,0.9276936806102104
957,0.8268668876086978
958,0.8229992598930715
959,0.8864030210921622
960,0.8783501225278664
961,0.8290375192016987
962,0.771450663770782
963,0.8497376938236874
964,0.5486185312632742
965,0.9741442880488846
966,0.8393325897945708
967,0.8803753175264463
968,0.9151218672687281
969,0.8316424715045098
970,0.937720822215001
971,0.8904953236372138
972,0.7078115813629645
973,0.8576061635095596
974,0.8180000833900686
975,0.7993110952511258
976,0.7564183429267504
977,0.9296699371181364
978,0.5492508081722072
979,0.9658328874265315
980,0.8998954270454748
981,0.7821210442695327
982,0.6688187475007852
983,0.8922432875117428
984,0.9161805926938545
985,0.880377832758483
986,0.8769601707791695
987,0.9296443279605064
988,0.8189953977149217
989,0.9605100138555325
990,0.8632151989040144
991,0.9469963756263347
992,0.8584790549005901
993,0.9006151330435413
994,0.9741361899320699
995,0.9593660677316032
996,0.8863226202836727
997,0.6578246898974882
998,0.5711967334240818
999,0.8798695006917618
1000,0.7169563776976727
1001,0.8710685157227763
1002,0.8043755652943928
1003,0.6449838071815471
1004,0.731830742448114
1005,0.861234101059246
1006,0.9316441936422759
1007,0.8650476192867531
1008,0.9055962151692825
1009,0.8628916112312074
1010,0.9012736615181802
1011,0.8853612771331524
1012,0.6526226993061356
1013,0.932118649218155
1014,0.8929248755454215
1015,0.6025731645173233
1016,0.7651733041936967
1017,0.8162492341475227
1018,0.9458020762413512
1019,0.8913002732565547
1020,0.9223081973204967
1021,0.8960222286353016
1022,0.8601035998925385
1023,0.767052633357523
1024,0.6626651848574643
1025,0.677472950163252
1026,0.8205687858330147
1027,0.6950610967197801
1028,0.8731971302200603
1029,0.8832537512356817
1030,0.7134215550586046
1031,0.7217476701124591
1032,0.9080152039828769
1033,0.7755453699993297
1034,0.7993333777197842
1035,0.7684729850524128
1036,0.9142998619467401
1037,0.6212998961627267
1038,0.9670833280622771
1039,0.8144939942262579
1040,0.9176394697001675
1041,0.9277724033140522
1042,0.8426053473920303
1043,0.9100821932059833
1044,0.8350291312890239
1045,0.9578724311959098
1046,0.8832341781304694
1047,0.902605507640796
1048,0.8183041789490426
1049,0.9244629175731119
1050,0.8926513272092893
1051,0.8234232741084586
1052,0.9212470672026394
1053,0.8479241131828449
1054,0.923531619616074
1055,0.6397401992941129
1056,0.8454336945867679
1057,0.8485810841361866
1058,0.8552573753178829
1059,0.7737256509906952
1060,0.9571675143805302
1061,0.8672566215506484
1062,0.6251498445144429
1063,0.7479216991667677
1064,0.9289832976229879
1065,0.6814821001111181
1066,0.9086120020726803
1067,0.7625965019846412
1068,0.9607731851015708
1069,0.9349413994361786
1070,0.9799377587016515
1071,0.7851809899981655
1072,0.8975974833203901
1073,0.9194372260429154
1074,0.9395892486098469
1075,0.9059146679009233
1076,0.6746557360519053
1077,0.7893188119600901
1078,0.8783830916081659
1079,0.8465234040801651
1080,0.9588776789367974
1081,0.9628865087667953
1082,0.9060252125731243
1083,0.7910314044663307
1084,0.9836346858389978
1085,0.80134433201621
1086,0.6538364198033593
1087,0.820018357632648
1088,0.8678222042069276
1089,0.8507132828519307
1090,0.8146988526134107
1091,0.5935533765837226
1092,0.8726828593491646
1093,0.8571191271248724
1094,0.6575701497431059
1095,0.622856368219187
1096,0.692590431047147
1097,0.9371791470818931
1098,0.9194348500029912
1099,0.8287356115901119
1100,0.7419423035545232
1101,0.9382963517171988
1102,0.7151477575430231
1103,0.6366338754765969
1104,0.7940773091464023
1105,0.8692000546952127
1106,0.9045293001298156
1107,0.8666100898704766
1108,0.91913041403165
1109,0.7892530312987527
1110,0.7796476743807635
1111,0.8367074634456872
1112,0.9706262847339943
1113,0.8644746035169758
1114,0.6239210709916188
1115,0.7910413166613208
1116,0.7786712192977896
1117,0.9741947699330386
1118,0.7912530953562043
1119,0.9104334437458563
1120,0.7344036823055137
1121,0.8924642847071615
1122,0.6807031127182687
1123,0.8351216227653286
1124,0.8771421441346692
1125,0.8946007809932215
1126,0.9015929483602528
1127,0.7667347507399321
1128,0.8884700853568867
1129,0.9440130007954776
1130,0.505589036138156
1131,0.9135059328297568
1132,0.9460756396053308
1133,0.826103049253191
1134,0.8686101783401934
1135,0.7109819730731967
1136,0.8223160649063418
1137,0.8212517039226596
1138,0.8074970947728495
1139,0.9235038033808417
1140,0.8718583835819612
1141,0.6595686243376325
1142,0.8625069726132797
1143,0.8021658221911093
1144,0.8923205583981692
1145,0.8342922562427902
1146,0.9091477663018799
1147,0.8190944312797912
1148,0.7081570095133616
1149,0.948305242769943
1150,0.9126802827098001
1151,0.831439990166467
1152,0.8659161284852199
1153,0.7208385065812888
1154,0.8835897738488719
1155,0.599935521979149
1156,0.8616832957107121
1157,0.8800044374001753
1158,0.9032529570210386
1159,0.8987847564899837
1160,0.8914151404632458
1161,0.8777726501160358
1162,0.8627503801539159
1163,0.8156064308372017
1164,0.8494483822372801
1165,0.846701247753971
1166,0.8829455443147701
1167,0.8474757218861114
1168,0.7184121678289124
1169,0.9195585955700641
1170,0.8925925757013968
1171,0.785590848152304
1172,0.7327007060655468
1173,0.8877399742481914
1174,0.7026685246358372
1175,0.7726157537026622
1176,0.8056400846826676
1177,0.9101432130896396
1178,0.798811001620065
1179,0.8920886241431126
1180,0.7883955288948454
1181,0.9462030849346559
1182,0.7698886178602667
1183,0.8222169074194384
1184,0.7972998787574317
1185,0.7956548315025068
1186,0.7766802041059503
1187,0.8896318158144779
1188,0.8926852494707184
1189,0.8616871496533537
1190,0.7162691857940329
1191,0.8974541397270501
1192,0.7970156799220972
1193,0.8206658146021102
1194,0.9556986758640666
1195,0.9397285701870876
1196,0.8081377817005748
1197,0.9407750686374351
1198,0.9612984101243752
1199,0.9330453512300767
1200,0.7553890029023889
1201,0.8446158238521412
1202,0.6553059107506808
1203,0.7120570793760943
1204,0.9465004620033008
1205,0.758638385493549
1206,0.9064064333367529
1207,0.8870248849366367
1208,0.7272446656851232
1209,0.8367248960616761
1210,0.936759603750814
1211,0.7603496722442903
1212,0.8476156588537992
1213,0.8428052591772237
1214,0.9076187430427031
1215,0.9075350687666348
1216,0.9085599848369276
1217,0.8313345241135618
1218,0.8975601234360185
1219,0.6512618650049701
1220,0.8779731008998191
1221,0.6672202186982129
1222,0.8958871028000277
1223,0.91459129802016
1224,0.7603129808065019
1225,0.7584367392058383
1226,0.8546665632339431
1227,0.8548935275814143
1228,0.7489709631364065
1229,0.7122242003333484
1230,0.9093076712548599
1231,0.7624143083506083
1232,0.6677904818598667
1233,0.7197271827860233
1234,0.8796986858597613
1235,0.8794247980940226
1236,0.7249514640884458
1237,0.8207850811806979
1238,0.9171719920572141
1239,0.8987226921042598
1240,0.6817872833887005
1241,0.965517113301169
1242,0.8971108396040031
1243,0.894831026538666
1244,0.8628377999191388
1245,0.8876333291003209
1246,0.6456874268622537
1247,0.8331116959941194
1248,0.7221683949708316
1249,0.758576042018199
1250,0.5224287591316763
1251,0.6224218366698885
1252,0.72739840044916
1253,0.8397394011787364
1254,0.7845317857316186
1255,0.7867190952778116
1256,0.8801539650645065
1257,0.9521139130806072
1258,0.923601470901827
1259,0.9655600574271743
1260,0.8650519805762626
1261,0.8916145883520118
1262,0.9244838820245599
1263,0.8670182380851923
1264,0.8331848655244225
1265,0.8025622939853644
1266,0.7545215416326821
1267,0.9314170764792531
1268,0.9912514322017902
1269,0.7805241997414051
1270,0.9575906811024176
1271,0.6138765011526449
1272,0.9060096591367875
1273,0.7835147167378073
1274,0.8485055705338027
1275,0.8057969156480737
1276,0.9312957074601748
1277,0.7495216546101733
1278,0.9399333632028591
1279,0.8712123148029922
1280,0.9134709379653505
1281,0.5655879235169462
1282,0.8253378312124802
1283,0.8558143877182693
1284,0.6668558162230012
1285,0.9618482158798822
1286,0.8277033102639176
1287,0.9367652041247676
1288,0.8012789914169612
1289,0.8822031719211173
1290,0.8987235156711177
1291,0.8995929597238767
1292,0.9318555539044521
1293,0.8605027859473027
1294,0.8829230551916276
1295,0.880092532815254
1296,0.8636547548634309
1297,0.9386371041302508
1298,0.8490427398641335
1299,0.839208376619383
1300,0.838742745030423
1301,0.7867738204147111
1302,0.9122422467364784
1303,0.8707285497455355
1304,0.6793476403752681
1305,0.9604033912397009
1306,0.5388793114098918
1307,0.8695183178634559
1308,0.6591858882204311
1309,0.847115960761627
1310,0.8784639965853018
1311,0.9579950630195189
1312,0.8813452250656492
1313,0.9088161747293897
1314,0.8392290304484846
1315,0.7312928679805027
1316,0.9285229973137348
1317,0.9123895807902446
1318,0.8414631173738989
1319,0.6639959392728029
1320,0.8125668271660743
1321,0.7855274869228076
1322,0.8951458222790407
1323,0.9359952972009292
1324,0.9859430672533597
1325,0.9576918171296142
1326,0.9392646852915939
1327,0.9125240569659373
1328,0.806211212702952
1329,0.7881167662639439
1330,0.9200846418354454
1331,0.9548913402496234
1332,0.8058269495764195
1333,0.8674290167859638
1334,0.9452715980584273
1335,0.8696805952374498
1336,0.8091299427340359
1337,0.9318853077995047
1338,0.8732148903633625
1339,0.820821468487787
1340,0.9065631363588285
1341,0.8182276894178455
1342,0.8217302461615172
1343,0.8489810431977071
1344,0.6388369169284015
1345,0.5968892110557543
1346,0.9410201178158363
1347,0.9922877408902419
1348,0.7819842661931672
1349,0.8630728065080445
1350,0.9609879822317644
1351,0.9094526087683602
1352,0.8883674348105028
1353,0.9021989248727372
1354,0.7692127536934451
1355,0.8285632037490103
1356,0.8688063684312525
1357,0.9087765674672904
1358,0.7741788409330229
1359,0.8786678347110126
1360,0.9175913069501683
1361,0.6258533586112784
1362,0.8963190485635425
1363,0.8764191219853904
1364,0.8594699670529191
1365,0.8939031507670452
1366,0.8458858725185358
1367,0.8585814969965494
1368,0.7524184236648981
1369,0.917268462622537
1370,0.7038760375671337
1371,0.7786336421977514
1372,0.7533679923161201
1373,0.8430138526165021
1374,0.8479980635110679
1375,0.776819484620774
1376,0.954556127979418
1377,0.6113489725279706
1378,0.7869884751064792
1379,0.7606724640917604
1380,0.7975012867550254
1381,0.6977311636724022
1382,0.7748881275652196
1383,0.8706129359007587
1384,0.7093713611384286
1385,0.7177785826625477
1386,0.8411373506703632
1387,0.9383406923002614
1388,0.8155451014572748
1389,0.790369479045633
1390,0.6258375478626195
1391,0.9011205671432201
1392,0.8494641728144123
1393,0.6452017371282938
1394,0.920803750492103
1395,0.902983980431289
1396,0.9720515710849533
1397,0.946957805008443
1398,0.8521458273703792
1399,0.817310579929087
1400,0.798323482329556
1401,0.8888376873476503
1402,0.8970819085818864
1403,0.9401530158207652
1404,0.9108469015465616
1405,0.7567298985655598
1406,0.7785329684973812
1407,0.47589061304531743
1408,0.6606936414378506
1409,0.6329753249192555
1410,0.9249979296947963
1411,0.9523868578795456
1412,0.8548350338056784
1413,0.9352963201938352
1414,0.8282547704075132
1415,0.9536968653650599
1416,0.916175343641507
1417,0.509735809980171
1418,0.8540719078755808
1419,0.9409677346666853
1420,0.7838714739414834
1421,0.9110140154707287
1422,0.9506757747595251
1423,0.7584611403812459
1424,0.8858683542316651
1425,0.921069128590705
1426,0.81710463811876
1427,0.877184516430102
1428,0.69471210279242
1429,0.8686599932157705
1430,0.7152102525647889
1431,0.9001915588426489
1432,0.777259369504141
1433,0.6752737456457155
1434,0.8522460814416033
1435,0.8668204257539007
1436,0.932172071073827
1437,0.7519641381022967
1438,0.945584640963501
1439,0.8566374609677212
1440,0.9333609517846095
1441,0.7842930647820705
1442,0.9117152012008266
1443,0.6259714121878883
1444,0.868578981201212
1445,0.8876909315961714
1446,0.8068520098469232
1447,0.7945229836938915
1448,0.9467947398268114
1449,0.6773662280164513
1450,0.7487422936399919
1451,0.86457645722519
1452,0.6340936764280958
1453,0.8676804491670203
1454,0.9079996832173096
1455,0.8683932474972232
1456,0.8951038758259479
1457,0.7671768427076295
1458,0.9300572971344191
1459,0.8768499959204208
1460,0.8268188552129782
1461,0.8208577689492106
1462,0.8259551770440643
1463,0.7870643651117284
1464,0.7650668603553762
1465,0.789051504319576
1466,0.7368443683029084
1467,0.9645351484550807
1468,0.6220195846493266
1469,0.9050460445236079
1470,0.655655975709031
1471,0.710616616964585
1472,0.9850554178307983
1473,0.7381045441486532
1474,0.7578429279246122
1475,0.9362182433115587
1476,0.8062940501985213
1477,0.577053450819134
1478,0.9147396581733389
1479,0.7077830814754086
1480,0.7437972808609302
1481,0.73928213644995
1482,0.5397219752402524
1483,0.7547801738172264
1484,0.8026942157787675
1485,0.9271355047054555
1486,0.8417175329357787
1487,0.9808837724482423
1488,0.9230661703878608
1489,0.9000864258395803
1490,0.9751059813679898
1491,0.9113183965901622
1492,0.8670375348712877
1493,0.8384060727472038
1494,0.9533097663564402
1495,0.9416137390642486
1496,0.9255610281017956
1497,0.6956560517273901
1498,0.8639423219997869
1499,0.9547387271108424
1500,0.8354475616005236
1501,0.9168903329312886
1502,0.8644344648141595
1503,0.6756018084954044
1504,0.857428833066317
1505,0.8145695188006675
1506,0.7900982812680765
1507,0.636091594989306
1508,0.859527694754733
1509,0.9209514927434336
1510,0.9121339777217347
1511,0.9176181049335698
1512,0.9396710183286263
1513,0.8717250240090546
1514,0.75906671454715
1515,0.8715809701979425
1516,0.9588301360201829
1517,0.8743219892461447
1518,0.9757792909198675
1519,0.8283708764916076
1520,0.9536479762369687
1521,0.7673286057075764
1522,0.7880035271555297
1523,0.8695983686155958
1524,0.7850251561219723
1525,0.8495627917537116
1526,0.8768167242521362
1527,0.9000113911222872
1528,0.7780719793042239
1529,0.88694424899558
1530,0.774474628760326
1531,0.8748168920285373
1532,0.7457675934585539
1533,0.8163441538415955
1534,0.6760491469369009
1535,0.9474230890865419
1536,0.6741763302576679
1537,0.7719526887047237
1538,0.6811365067681526
1539,0.7530345760830824
1540,0.9606952649904787
1541,0.8154045862805479
1542,0.9133002513241708
1543,0.7632608956065386
1544,0.7508997689682287
1545,0.9325524868346685
1546,0.866454212279181
1547,0.9009312721235117
1548,0.9442351191589493
1549,0.9054719441720505
1550,0.9177353410396136
1551,0.9064567674203944
1552,0.8225114869719395
1553,0.6938109504621307
1554,0.9372830108145591
1555,0.8712962999680383
1556,0.9193953211686954
1557,0.8695749618052202
1558,0.6400666056445364
1559,0.9524624305981055
1560,0.6397293810865804
1561,0.8396999226162365
1562,0.6726967180734084
1563,0.7380263054930187
1564,0.9487073425386638
1565,0.7510363574793986
1566,0.8147499843175903
1567,0.8510313503966015
1568,0.8712539617144449
1569,0.9082841677020523
1570,0.8470647625358584
1571,0.8178771589348892
1572,0.8989823224315225
1573,0.9169723041886075
1574,0.7836159690016801
1575,0.9117128936378186
1576,0.7501775128081322
1577,0.8583885574922677
1578,0.9660743203983975
1579,0.8914604380343645
1580,0.8540999571314614
1581,0.7998496510489369
1582,0.8001826258269561
1583,0.9252905087851511
1584,0.9293395640834162
1585,0.765397649643343
1586,0.9658169420345061
1587,0.8297251963400453
1588,0.8905843863973696
1589,0.738003700947858
1590,0.7723655942563291
1591,0.9181681867175386
1592,0.8724798809560824
1593,0.8474556347637231
1594,0.829519737641555
1595,0.8734132719158412
1596,0.7193594964670541
1597,0.8903004609019747
1598,0.9212508050355797
1599,0.8628035617288983
1600,0.9539162442514793
1601,0.6980977686553754
1602,0.9120678377699979
1603,0.7873591051478123
1604,0.8792297912979239
1605,0.9663070016279841
1606,0.8573652913021808
1607,0.8917529123894411
1608,0.9412860685731779
1609,0.8223068204363262
1610,0.8287963447466035
1611,0.8576304696172743
1612,0.8300701129136377
1613,0.7597327667347379
1614,0.7896831079472437
1615,0.884354138575981
1616,0.937648779347766
1617,0.8658881935657247
1618,0.8527169083342389
1619,0.9605547133514472
1620,0.7341426210135251
1621,0.9068946390766993
1622,0.7024591682367545
1623,0.937588073404851
1624,0.7043370133230573
1625,0.8234252948966321
1626,0.939939251446236
1627,0.8616911452327403
1628,0.9302494118285939
1629,0.8311742385699936
1630,0.8943846487336329
1631,0.8681868139213019
1632,0.8636936049530897
1633,0.8720032660027276
1634,0.9258812699115809
1635,0.5964988478814582
1636,0.7555417099761449
1637,0.6955725670627464
1638,0.8839180539180136
1639,0.8862469102551827
1640,0.6542640843936675
1641,0.742753540781506
1642,0.9687737652375288
1643,0.7740448627487851
1644,0.5809905181377186
1645,0.9582978223384752
1646,0.7470805042107906
1647,0.7445996422065345
1648,0.8796977619172606
1649,0.7737864803379414
1650,0.8564249286709287
1651,0.9443700983044724
1652,0.9073344080773069
1653,0.8749603723229504
1654,0.9201134333991632
1655,0.5996772487232556
1656,0.7575787062986423
1657,0.7694431237216793
1658,0.8842988344203221
1659,0.6407359078906666
1660,0.9186011193947452
1661,0.8846155452085593
1662,0.9288283786601562
1663,0.8228249545583716
1664,0.6700542672899331
1665,0.674855235030001
1666,0.9291143003572327
1667,0.9677255092591213
1668,0.7614442535774084
1669,0.9237384057476115
1670,0.8028424018003265
1671,0.8173144291262933
1672,0.882001820515407
1673,0.6900216888477549
1674,0.8386361415049448
1675,0.8477168101024635
1676,0.9243287010564639
1677,0.8928863202109251
1678,0.825277036197179
1679,0.9418121147053035
1680,0.9690511433971746
1681,0.7641922585221075
1682,0.7848206081500452
1683,0.640544827014856
1684,0.9421872392396107
1685,0.6730446755689431
1686,0.8008796480157021
1687,0.6433293473437375
1688,0.8213650390882893
1689,0.9003280217588836
1690,0.6536581237436953
1691,0.9321016936721419
1692,0.9594358940598285
1693,0.6911327941683119
1694,0.9134296594949044
1695,0.9445072574168316
1696,0.7970213325789772
1697,0.7684039106712155
1698,0.8236945050243077
1699,0.7406486894799023
1700,0.838449228300619
1701,0.6429152914069413
1702,0.934144289905064
1703,0.8211030810501291
1704,0.8375829964789827
1705,0.6276578585526408
1706,0.6129353514234799
1707,0.9672500993839257
1708,0.6948183976060754
1709,0.9085482938722229
1710,0.8734584200945925
1711,0.8262001046069367
1712,0.6794187465356235
1713,0.8884274543245775
1714,0.8569199823407253
1715,0.8710232626850185
1716,0.945072697497879
1717,0.9366126906072705
1718,0.8948984088000013
1719,0.7426812082210726
1720,0.8777457099943679
1721,0.9542899065092041
1722,0.747398889272034
1723,0.7686992345066478
1724,0.6751044126318617
1725,0.7483795196105528
1726,0.8025194229917901
1727,0.6746977508842978
1728,0.9733338076426793
1729,0.9025940456733098
1730,0.8744935809940375
1731,0.8739396440873686
1732,0.7330236359197488
1733,0.8316032454405424
1734,0.9283864577900629
1735,0.802135816537004
1736,0.7175157272286072
1737,0.8949829495903558
1738,0.7421762551759856
1739,0.8659971531380638
1740,0.8910774118940868
1741,0.542637792276234
1742,0.8398625526786231
1743,0.8555689644600508
1744,0.9247271566553853
1745,0.9212143727534552
1746,0.9409209227471012
1747,0.882479952532333
1748,0.9688300916982163
1749,0.8643618554464674
1750,0.915150974989831
1751,0.6036988598811738
1752,0.7728109362950772
1753,0.9660239966176681
1754,0.7678676954032965
1755,0.7423663205685044
1756,0.8602945904251996
1757,0.8748193559152192
1758,0.810328168857825
1759,0.8277803996333298
1760,0.7837828195328159
1761,0.9597068916458098
1762,0.8604655000765219
1763,0.9204181290729764
1764,0.9772526156116101
1765,0.8092782749199251
1766,0.9344545400564065
1767,0.7695995556971343
1768,0.9640530940662638
1769,0.8472071468280234
1770,0.7311864617538196
1771,0.7957405561333084
1772,0.9929787267377129
1773,0.9066817529484713
1774,0.6581491395216115
1775,0.5546643104315795
1776,0.9352831297428611
1777,0.7244905010046675
1778,0.9843954125823687
1779,0.9101107178552605
1780,0.8456162527007658
1781,0.9357217354967156
1782,0.8815466780945337
1783,0.7910017254228188
1784,0.9645772371303389
1785,0.8263632536114519
1786,0.8765447999998958
1787,0.8436845746609449
1788,0.917969172595746
1789,0.8815803061315427
1790,0.6860473516834009
1791,0.8160518138432713
1792,0.9045060091747846
1793,0.8441637740889073
1794,0.8910823522501055
1795,0.8864999786451914
1796,0.9271239005640978
1797,0.8136661369156767
1798,0.8772877039216622
1799,0.9031415163415797
1800,0.9794598679334996
1801,0.9721213906825705
1802,0.9470646313888962
1803,0.9410004285072547
1804,0.8758509109691428
1805,0.9106942603043443
1806,0.6380279211975272
1807,0.9224838038077229
1808,0.729234299293941
1809,0.6690285683267134
1810,0.8414359335778122
1811,0.7836619080366372
1812,0.9732709245612505
1813,0.8065114791629313
1814,0.7999496116401318
1815,0.8267823606418414
1816,0.9155245240210086
1817,0.869394594094355
1818,0.9280851144852493
1819,0.8971685588861587
1820,0.9710014404009244
1821,0.7248404290801215
1822,0.979413818919719
1823,0.9056713983714277
1824,0.9162350665070318
1825,0.5524739334896605
1826,0.9625477639647808
1827,0.799447092496997
1828,0.7803322618830221
1829,0.6482046623739173
1830,0.8760907285633218
1831,0.8274713748553149
1832,0.93896196930226
1833,0.7932088704883069
1834,0.9206129919267416
1835,0.8021186120122232
1836,0.9458601951265027
1837,0.9402080779172107
1838,0.8433581174793983
1839,0.8883399566427659
1840,0.8022902985601396
1841,0.8312510973567292
1842,0.9386810915460462
1843,0.9635714279066714
1844,0.8205247255645503
1845,0.8584611211472079
1846,0.7503241922969236
1847,0.8833806526537964
1848,0.7701461613301088
1849,0.8068419178605786
1850,0.9429680280307586
1851,0.7809055823826402
1852,0.777801216351645
1853,0.8924048496285872
1854,0.9904730259471739
1855,0.9436820019561541
1856,0.8854046992432734
1857,0.8682091243803489
1858,0.9685938453143283
1859,0.8658589140243379
1860,0.9259531896053397
1861,0.7874149414328915
1862,0.867118675156469
1863,0.8513449024725193
1864,0.8210572873748245
1865,0.939333849647371
1866,0.8761463256892039
1867,0.7568913205647925
1868,0.8288331975217978
1869,0.8900300636602531
1870,0.9144834802925287
1871,0.9260563143293364
1872,0.8237402586139454
1873,0.7011323849483614
1874,0.8635449844506248
1875,0.9614425793320275
1876,0.8551584168752453
1877,0.8728947031520583
1878,0.697838604580105
1879,0.9792426050576771
1880,0.8906063992137905
1881,0.7864452211063648
1882,0.8721980676230919
1883,0.8914609486014224
1884,0.8773482452020197
1885,0.9296982924080343
1886,0.8905884265062626
1887,0.87212168914051
1888,0.5757634396088459
1889,0.834349351845592
1890,0.8391982516296452
1891,0.8468060952855241
1892,0.9059731548870228
1893,0.7341834294870807
1894,0.7409353450265662
1895,0.9247244709540486
1896,0.8738840920934391
1897,0.7508571446225989
1898,0.8899972763995504
1899,0.9875133998402915
1900,0.8551866431226267
1901,0.9308720060927851
1902,0.789276549385101
1903,0.9088167722481165
1904,0.8025950333600368
1905,0.8951845647247204
1906,0.9176593888322504
1907,0.9607401166454071
1908,0.7735156650938567
1909,0.9326782459323272
1910,0.7137155847460036
1911,0.6891748799756165
1912,0.6974025975495822
1913,0.8037377844649605
1914,0.9233821027707181
1915,0.9337879462774034
1916,0.76849371532313
1917,0.6864575453993412
1918,0.75657864950523
1919,0.9048168966617761
1920,0.8612451170464714
1921,0.8413387882869624
1922,0.7642757627547134
1923,0.8010851700551246
1924,0.9249551292304838
1925,0.8107402711141173
1926,0.9372538968224505
1927,0.9029376714036786
1928,0.67824490436213
1929,0.738154150688626
1930,0.6745505517794643
1931,0.8632449658736138
1932,0.8794850294872917
1933,0.7877153998582281
1934,0.601627130803967
1935,0.7152080818031358
1936,0.8794092876272055
1937,0.9107448690515364
1938,0.783799536664216
1939,0.871213478714746
1940,0.8889084973776565
1941,0.8850405966399056
1942,0.699540918829098
1943,0.9693339291224261
1944,0.8801095488521148
1945,0.8958487359092717
1946,0.9479061302851609
1947,0.5088583062391292
1948,0.9205157047090373
1949,0.7221519528860074
1950,0.8370879554569944
1951,0.7869258655646652
1952,0.8428247165399854
1953,0.9283005869504783
1954,0.9269235745134428
1955,0.831206035425297
1956,0.7873168586250051
1957,0.9655191784824021
1958,0.6940442092263298
1959,0.9199147171859454
1960,0.7779709227896611
1961,0.9259797748010689
1962,0.7742581265381242
1963,0.8720772890056344
1964,0.8996558580249402
1965,0.7927838770053439
1966,0.8631243560004666
1967,0.820844876643235
1968,0.8643543117689607
1969,0.946635836434496
1970,0.883586106116349
1971,0.7770193249727463
1972,0.678427321564418
1973,0.686198418495371
1974,0.8774996232279619
1975,0.8003849829106621
1976,0.936482117902914
1977,0.8627706829088847
1978,0.7765869698257841
1979,0.637077496785092
1980,0.885245925270307
1981,0.8937447404012283
1982,0.6857503826986199
1983,0.6442574196496532
1984,0.8006800191752402
1985,0.812074686748204
1986,0.8242526091975562
1987,0.7740118201341792
1988,0.7177595030352416
1989,0.9060793227378794
1990,0.7967642684698046
1991,0.8244581106260707
1992,0.8327503123065669
1993,0.8460201267164766
1994,0.9662854706971703
1995,0.8917211957192628
1996,0.8085432516356554
1997,0.5053812911369561
1998,0.9010802778728482
1999,0.7860609068276281
2000,0.9234782793982381
2001,0.8278768133825221
2002,0.8285436666294936
2003,0.8771554087899103
2004,0.7564176349373543
2005,0.8634484484906926
2006,0.8811193034769487
2007,0.9249288448963785
2008,0.8442093931471683
2009,0.8397595553461611
2010,0.9046644174042358
2011,0.8422744201830039
2012,0.9724157653687494
2013,0.7544466365777137
2014,0.960032052977947
2015,0.9061848639658941
2016,0.8049226749237037
2017,0.9181455762860042
2018,0.8840587301197662
2019,0.8308139141528397
2020,0.9237190487979187
2021,0.9050733123625258
2022,0.7638032771630291
2023,0.7614277987168219
2024,0.915067866455736
2025,0.8866016903729435
2026,0.7150702856695349
2027,0.8448627156612744
2028,0.8407654261428439
2029,0.8444153300619038
2030,0.8048692425363079
2031,0.855082602748593
2032,0.8838002999403716
2033,0.8546489924653632
2034,0.9187447545770174
2035,0.848046639233457
2036,0.9654351254803835
2037,0.7979110052212965
2038,0.8545498636082588
2039,0.6234334818612947
2040,0.7150187734532207
2041,0.8272468351240373
2042,0.9457259676923605
2043,0.771627864341347
2044,0.850037314747145
2045,0.8766852029856318
2046,0.8649452107811925
2047,0.8797087120296557
2048,0.9250807487330095
2049,0.6350406104546037
2050,0.8309321680075722
2051,0.9404899416202736
2052,0.9423816888775076
2053,0.6658193682182104
2054,0.6686749444509142
2055,0.7232213553561687
2056,0.7548633768027598
2057,0.827243971455209
2058,0.7238699959764553
2059,0.7980847869600302
2060,0.8566764933404524
2061,0.7002373455884836
2062,0.8702333188765331
2063,0.741586253332896
2064,0.7711087299401332
2065,0.7596470048519696
2066,0.8314260924162505
2067,0.7860258675382233
2068,0.9224000064323686
2069,0.8403766166053718
2070,0.8034837936374835
2071,0.7288212860766254
2072,0.8475912066231476
2073,0.7850613838441689
2074,0.836413545632872
2075,0.848217538864921
2076,0.9125166180489644
2077,0.9284020955854969
2078,0.7471140874859691
2079,0.7881917274262765
2080,0.8574104235037396
2081,0.8232492440952319
2082,0.9116676994805958
2083,0.9213558026480245
2084,0.8476180356669393
2085,0.8530617482055732
2086,0.9146302320932128
2087,0.7997791018711025
2088,0.939510071440739
2089,0.8311643131686177
2090,0.8957238802201362
2091,0.9029829556175548
2092,0.9252167705464088
2093,0.7962941930724892
2094,0.8738746635214396
2095,0.6564836249912385
2096,0.8579152794780166
2097,0.9567269697851282
2098,0.8630493004082062
2099,0.8042906174506521
2100,0.8263246506848188
2101,0.6409751612340296
2102,0.9640859954690977
2103,0.9596254466593752
2104,0.8985103190863807
2105,0.9378932864818698
2106,0.5881182475728178
2107,0.5336172294633923
2108,0.9240103765890887
2109,0.9418352395761793
2110,0.882926643975989
2111,0.9233550010107245
2112,0.9758772739547948
2113,0.8941416149104148
2114,0.850057328578646
2115,0.9738859676735762
2116,0.8278428936122673
2117,0.935966190058238
2118,0.6478068082482853
2119,0.8772268298525802
2120,0.9290465425602554
2121,0.9142437912328346
2122,0.8759097106051834
2123,0.8491510407389724
2124,0.6393955653462251
2125,0.6278429277762548
2126,0.9007724809193289
2127,0.7408252296869446
2128,0.901403617153237
2129,0.992993073488093
2130,0.9025656259588025
2131,0.8939899840761503
2132,0.9451833588906712
2133,0.6956881080609993
2134,0.9261292681810219
2135,0.8525333695643036
2136,0.6479578771987949
2137,0.9164367613727104
2138,0.9143443699754031
2139,0.8861564549996566
2140,0.7854019853840841
2141,0.8973401740378293
2142,0.8580848250305374
2143,0.7687433759398467
2144,0.8184790321798069
2145,0.682190339337984
2146,0.803774359474198
2147,0.8158975694137256
2148,0.8969059714878613
2149,0.922472536538125
2150,0.8535996804669113
2151,0.9132454161231147
2152,0.7308404875920699
2153,0.9472206823136093
2154,0.787780053771166
2155,0.9466523695628096
2156,0.9522496565195196
2157,0.7122030239429453
2158,0.8391572931201005
2159,0.9278923231462642
2160,0.8635761417079754
2161,0.8572191581953007
2162,0.8576974115207916
2163,0.8746308687890816
2164,0.8575676027346669
2165,0.8340672341180083
2166,0.9034962545757338
2167,0.9322296595611527
2168,0.9305577345045767
2169,0.7183330779359387
2170,0.8330754135603536
2171,0.812303298914222
2172,0.7096698827051485
2173,0.8817395593171211
2174,0.7628673590479044
2175,0.8018295851031392
2176,0.9049065577724965
2177,0.8990927252274334
2178,0.8868418223709816
2179,0.6567923239231044
2180,0.7544129886391339
2181,0.7811604123595457
2182,0.8945812555225201
2183,0.6435030213156582
2184,0.7381490468713101
2185,0.8566907323677784
2186,0.9516927019596715
2187,0.8687570068054881
2188,0.8629792090992593
2189,0.9706085310508985
2190,0.9309888547083605
2191,0.7253503264703282
2192,0.8541945075126142
2193,0.9516422778858775
2194,0.9638890969189878
2195,0.788913446894225
2196,0.9748095053815191
2197,0.9512490543000774
2198,0.7156365917343944
2199,0.8292559955952004
2200,0.8745337770966229
2201,0.8126906943614034
2202,0.9328735386180007
2203,0.7921242058325858
2204,0.8623808779704992
2205,0.9363693920582762
2206,0.8668923774883626
2207,0.7708428301132305
2208,0.7431665764580602
2209,0.9073000587014671
2210,0.766648765590529
2211,0.894765808773909
2212,0.7963714934055879
2213,0.7118657842965369
2214,0.810669066540964
2215,0.9006625143138872
2216,0.7757404452153925
2217,0.8010244981695681
2218,0.8128885947514489
2219,0.951933469321496
2220,0.8612345464378012
2221,0.9068923859271902
2222,0.9497337284411439
2223,0.8670908366753292
2224,0.9245679875379262
2225,0.8610312033957789
2226,0.8995210936905592
2227,0.6054809064694949
2228,0.8656586841456055
2229,0.6913898546253278
2230,0.769562541797684
2231,0.905857863878491
2232,0.9155350551017601
2233,0.9180793631664206
2234,0.4822584023152312
2235,0.7958872434869443
2236,0.9518460129994737
2237,0.8331923253192254
2238,0.976490649055114
2239,0.8323845093678015
2240,0.8933954102425307
2241,0.973387586786101
2242,0.9482961355470322
2243,0.9583829664900335
2244,0.9241525559409954
2245,0.9229468269303115
2246,0.7624372731347253
2247,0.7094381447874197
2248,0.8324647193208801
2249,0.8212540557434692
2250,0.9379470412031261
2251,0.8975877896465365
2252,0.8276021925127194
2253,0.631223989058647
2254,0.7803368438080306
2255,0.8903391498588185
2256,0.9058441802953381
2257,0.9014262755203235
2258,0.813038105413457
2259,0.9113400058293903
2260,0.8918351631085008
2261,0.7470502121317444
2262,0.6578050273703672
2263,0.7822433637630725
2264,0.6293862050376823
2265,0.8973939907610167
2266,0.9237233595157033
2267,0.8637573356225549
2268,0.862894949799996
2269,0.7291437844335804
2270,0.4579408537476695
2271,0.6023245052889267
2272,0.9080022419450358
2273,0.7186614593301069
2274,0.5281448168182555
2275,0.9188542106172821
2276,0.9399032699900622
2277,0.7401946343949952
2278,0.7516490215343689
2279,0.8139966668495715
2280,0.728897007656318
2281,0.9438866728014462
2282,0.7766638841743684
2283,0.9768593802121058
2284,0.814471600809848
2285,0.8226570057010325
2286,0.8773422411406737
2287,0.9174888794656126
2288,0.9782179822959672
2289,0.9271492468649544
2290,0.854734816505407
2291,0.8705029885350103
2292,0.9935528954035763
2293,0.7792768418995263
2294,0.873838932203595
2295,0.8746340457849273
2296,0.8970868323750024
2297,0.9508566999119484
2298,0.96694678492544
2299,0.7338202741633372
2300,0.8322931344430049
2301,0.5688335494550725
2302,0.7434750775413399
2303,0.8085200957163373
2304,0.8545934530411566
2305,0.8769377262549003
2306,0.8682582701384736
2307,0.7885796267406068
2308,0.8638171335471093
2309,0.9464164404599338
2310,0.9288384622897515
2311,0.9241729343449548
2312,0.7906345391160519
2313,0.7556400695683255
2314,0.8956134050810876
2315,0.8116846735827322
2316,0.7835233406200498
2317,0.6811930208441497
2318,0.8652137154578072
2319,0.8440429442168637
2320,0.7999031430089716
2321,0.7668545177942071
2322,0.9405781825320523
2323,0.8314289548424819
2324,0.7620698773613637
2325,0.8393488777011872
2326,0.5682635393808282
2327,0.9578066430642851
2328,0.904679627962638
2329,0.9131680470434312
2330,0.8798168945325475
2331,0.9254401506807973
2332,0.8392929453663707
2333,0.9292319837712738
2334,0.9765913797800693
2335,0.8961183048923042
2336,0.938506563307311
2337,0.9826170210463462
2338,0.8193581220298269
2339,0.8102232324201236
2340,0.9145631231646646
2341,0.962184576508108
2342,0.8751413042085017
2343,0.8867764884084113
2344,0.7373350131852
2345,0.6783103390777762
2346,0.7886243624789059
2347,0.7830043202121927
2348,0.9382830761373816
2349,0.9042750670170591
2350,0.7846158977210003
2351,0.8387893513905071
2352,0.9489718014180006
2353,0.8981471792039134
2354,0.9124308287624556
2355,0.8907732683669137
2356,0.8820116478023983
2357,0.8206324551706188
2358,0.7746323751276241
2359,0.8964951583766179
2360,0.7598291622103602
2361,0.7968544944002406
2362,0.9788469939020427
2363,0.8469781758661112
2364,0.9512401998583909
2365,0.7396105122828639
2366,0.9113733822698278
2367,0.8689250937415428
2368,0.767483984993146
2369,0.9126241809932769
2370,0.8765098416381409
2371,0.8661527820871913
2372,0.9888971056222796
2373,0.8387031189342714
2374,0.9236090592200737
2375,0.9399948678348479
2376,0.9120751122933153
2377,0.8420784552776353
2378,0.8707175436768515
2379,0.9167274690741111
2380,0.7821341087835865
2381,0.6707105103085091
2382,0.9761508881403059
2383,0.7871672467087917
2384,0.7119911886227562
2385,0.8444872036982167
2386,0.8921838035344716
2387,0.8807209488091283
2388,0.8610134386295626
2389,0.8875147728317444
2390,0.9195884684193678
2391,0.8651630140313786
2392,0.8412149515170907
2393,0.5804734665138375
2394,0.7282010831101544
2395,0.8584949965822443
2396,0.46609825869762994
2397,0.8308436247971992
2398,0.9303550320069558
2399,0.7542388043469566
2400,0.7206269252571019
2401,0.8686263445779647
2402,0.8956309099865158
2403,0.8435843883058614
2404,0.847767563873327
2405,0.8110152885633906
2406,0.8789697268229619
2407,0.9566515259844525
2408,0.8208361434636973
2409,0.7067864414452943
2410,0.8805727596072063
2411,0.8942800206677283
2412,0.7634674390977567
2413,0.858705504343041
2414,0.9156378338981356
2415,0.6859291864514317
2416,0.9045119650984503
2417,0.8533066026271575
2418,0.8379962497074406
2419,0.8415507896862555
2420,0.7758382395800838
2421,0.9911964829361102
2422,0.9770448432121973
2423,0.7958455783403278
2424,0.8366075797909074
2425,0.722755679926315
2426,0.675318154076819
2427,0.861866271567737
2428,0.9363533227399562
2429,0.9409496228558688
2430,0.7099794403749068
2431,0.7762030511789632
2432,0.7443860476415416
2433,0.805990436065289
2434,0.8222286225886637
2435,0.7927955528064353
2436,0.8101120474594143
2437,0.8002925404424099
2438,0.905265285966875
2439,0.9362019515881098
2440,0.9004233779838395
2441,0.7992763023188137
2442,0.8662014920928013
2443,0.9401668861690806
2444,0.8122434988595657
2445,0.8265022456210622
2446,0.6429375280562197
2447,0.9116766250310637
2448,0.9907971398955402
2449,0.7014607006965498
2450,0.831242433245551
2451,0.9279791291771987
2452,0.7548008978241064
2453,0.8596944872497208
2454,0.7570815719739348
2455,0.6960243304283796
2456,0.7498827601293562
2457,0.9435407279842442
2458,0.672830280339251
2459,0.6736159729220987
2460,0.8820727810080168
2461,0.8712154374794903
2462,0.8536262768407538
2463,0.6980546933825733
2464,0.6797023415426564
2465,0.9277489877319268
2466,0.8887291538369023
2467,0.866881185483997
2468,0.6598919813153946
2469,0.7856280423634934
2470,0.5728197938721664
2471,0.8476085862977272
2472,0.9489665002248399
2473,0.9518147491217807
2474,0.8461869057035681
2475,0.7364465173065788
2476,0.8180264508487766
2477,0.9549808861331119
2478,0.7163397008592269
2479,0.8472420396401856
2480,0.7010337402542757
2481,0.8906084579556637
2482,0.7056059296742646
2483,0.8057402469758357
2484,0.8552815409430815
2485,0.9432131790715279
2486,0.8956025555836804
2487,0.8547078844447675
2488,0.8839127680207628
2489,0.9300303955631563
2490,0.8722586195533061
2491,0.7641023898390716
2492,0.9407363117398213
2493,0.6881236423090157
2494,0.676888737090077
2495,0.6743032466962522
2496,0.8708703391458753
2497,0.8663223040540141
2498,0.9329397995869492
2499,0.9478470397214861
2500,0.9187008018933291
2501,0.9693532648308687
2502,0.918187839284476
2503,0.8255569177974901
2504,0.7232061957800281
2505,0.7577475730162331
2506,0.880987643888673
2507,0.8013917350229915
2508,0.930374242625715
2509,0.7351072308566496
2510,0.6677095871213862
2511,0.7436070149164655
2512,0.7783704145784951
2513,0.797681150472093
2514,0.814723316421386
2515,0.8785313292293131
2516,0.9155476443277993
2517,0.8211744114435781
2518,0.723952507717548
2519,0.911906981513555
2520,0.8693683331781717
2521,0.9944800524508205
2522,0.7195531324863069
2523,0.7383724386823052
2524,0.9566069358286001
2525,0.7930291473618086
2526,0.8773228094039275
2527,0.9733116675198835
2528,0.6545153899106183
2529,0.8599138227143543
2530,0.7393871666168216
2531,0.9721334493506707
2532,0.7926678469003954
2533,0.9345828966749785
2534,0.8363561981304334
2535,0.9332302173709027
2536,0.8221469002723777
2537,0.9759965894926179
2538,0.796292586689005
2539,0.8694691277194136
2540,0.8446177228240067
2541,0.843889720791246
2542,0.6819398682386278
2543,0.8618255902793772
2544,0.6049796509359122
2545,0.9441951217774821
2546,0.9147635582817079
2547,0.8311912812496645
2548,0.834360236931626
2549,0.8270195958786705
2550,0.8107424399947137
2551,0.773727366379653
2552,0.9023245716516243
2553,0.7163029341940123
2554,0.9620040596276814
2555,0.6736861529238075
2556,0.7591965254030214
2557,0.9134177294440866
2558,0.9328911456934776
2559,0.7016009740276542
2560,0.9260866926607669
2561,0.7775095283764916
2562,0.7984899983721078
2563,0.8369436132378928
2564,0.770498259769076
2565,0.9792284446403835
2566,0.6210390434105058
2567,0.7230698649667516
2568,0.6257071225543598
2569,0.9567764184277829
2570,0.9433722092975755
2571,0.7459303973041194
2572,0.7621233039086647
2573,0.9430089253494551
2574,0.876181828570326
2575,0.8451267395964052
2576,0.822345742072867
2577,0.8916543964856901
2578,0.9231479704914279
2579,0.8533802406692904
2580,0.8219654965251112
2581,0.92752657383874
2582,0.9271372145420557
2583,0.8126537487743895
2584,0.8904085047599166
2585,0.8077558250026549
2586,0.8152422059057262
2587,0.8275975033335333
2588,0.6961670692207663
2589,0.7413311590255419
2590,0.799024209846292
2591,0.8794749388600938
2592,0.8559592010682199
2593,0.8881460979806769
2594,0.8071156738296588
2595,0.9232520027322487
2596,0.8403726108408504
2597,0.8317153013914385
2598,0.918177905366174
2599,0.8937793867572674
2600,0.9491717730101182
2601,0.9593448289949049
2602,0.6834963802051223
2603,0.7371506637438799
2604,0.8448154583882778
2605,0.9000926843421193
2606,0.9204908448568103
2607,0.8618270883389054
2608,0.9531853357903847
2609,0.8810006343713279
2610,0.9278179084539173
2611,0.6620216783662792
2612,0.8307193579374516
2613,0.8435268432844647
2614,0.7893755728635781
2615,0.954974606506662
2616,0.9194001319881209
2617,0.7814589481851738
2618,0.8859586339005335
2619,0.8801353067607268
2620,0.8946444054351047
2621,0.7133390658540947
2622,0.8684459570910666
2623,0.7819460561658167
2624,0.7793858772596607
2625,0.5879389350983883
2626,0.8370585009628487
2627,0.9281043749897011
2628,0.8622715578133292
2629,0.9487583692453339
2630,0.7901560463145736
2631,0.8618987527323099
2632,0.952856082718245
2633,0.7426801270428742
2634,0.9560323884263102
2635,0.8823609669238104
2636,0.7648223795492334
2637,0.9376429915675903
2638,0.9260987091532231
2639,0.9449676451386284
2640,0.6212182997099692
2641,0.6170504586220464
2642,0.7513802932228146
2643,0.8192467873037235
2644,0.9431176387297301
2645,0.7487637296326077
2646,0.7644641848393436
2647,0.6231081963583455
2648,0.9153183588026741
2649,0.8857828294656288
2650,0.9287346135137484
2651,0.7411731336835153
2652,0.9183609603560068
2653,0.9022468925360312
2654,0.8914588787604866
2655,0.9092591556905469
2656,0.7480547975104028
2657,0.8466062048685732
2658,0.8676096657505316
2659,0.8000056334357146
2660,0.6385823313601292
2661,0.9258934410408944
2662,0.8395485774786207
2663,0.7765686172495937
2664,0.648466887701886
2665,0.8664399853564118
2666,0.9222244890962102
2667,0.8757083498793
2668,0.9315054434439269
2669,0.8181633664321987
2670,0.8827744474672756
2671,0.8023288378804337
2672,0.9196472686151144
2673,0.9929656383529419
2674,0.9158084211119454
2675,0.8652985246553468
2676,0.8660929619929548
2677,0.7144687066684816
2678,0.6041659432364397
2679,0.904585199361747
2680,0.8793152374186813
2681,0.8496552462413974
2682,0.8477652815104404
2683,0.7739014634091201
2684,0.8051220575284163
2685,0.9269714144168454
2686,0.9060392515172558
2687,0.8943583541141915
2688,0.7093598576916109
2689,0.9266064078945603
2690,0.7649996908055686
2691,0.8051038632075328
2692,0.9579496522727943
2693,0.8690673562026412
2694,0.820361419569142
2695,0.6301021364716045
2696,0.7736054514493974
2697,0.8250796406946715
2698,0.7675867092371291
2699,0.7688492758330909
2700,0.8925026968605865
2701,0.7424965592798478
2702,0.7837701478902341
2703,0.9372915918416704
2704,0.8104430558542278
2705,0.8205114860063258
2706,0.8913255927541464
2707,0.8454312346955387
2708,0.8507131149233521
2709,0.7492888945681578
2710,0.8597975161463222
2711,0.8981990893779367
2712,0.6559228411328835
2713,0.9463532581326642
2714,0.7581289190576581
2715,0.9089043744120814
2716,0.9360622160760811
2717,0.73565776190772
2718,0.8693713278586044
2719,0.9465144049553607
2720,0.73865673716573
2721,0.9103547912374741
2722,0.7162267807265867
2723,0.6280919350094702
2724,0.8127219206144427
2725,0.9358755766827017
2726,0.9039012589926101
2727,0.7943427571230526
2728,0.7897466600111699
2729,0.9423756715886678
2730,0.9285276162914627
2731,0.9309375747317139
2732,0.8572150354737673
2733,0.8006769053956416
2734,0.7840871524094355
2735,0.9154284016339306
2736,0.8750781824225262
2737,0.5315315611077774
2738,0.9202880042109426
2739,0.9446441562141195
2740,0.8388349620847966
2741,0.9314750698998705
2742,0.9122559413516402
2743,0.8194327340314433
2744,0.9409675421273979
2745,0.9405534179907914
2746,0.7662422601287497
2747,0.9000146743592575
2748,0.8898655432392895
2749,0.9578706462215056
2750,0.818709720629629
2751,0.9162764618382654
2752,0.8324097157609781
2753,0.7635893645790623
2754,0.7745516573625957
2755,0.9190478649661996
2756,0.7001497928425445
2757,0.8118483814788433
2758,0.8132125427129205
2759,0.7561890282138822
2760,0.8679230072563225
2761,0.7125094416953848
2762,0.9217412415169859
2763,0.985750574226459
2764,0.8805731958793551
2765,0.9204015713529977
2766,0.932800817384469
2767,0.9153300426255666
2768,0.6634219626482574
2769,0.7513222511280907
2770,0.9556169352058281
2771,0.6615452449569306
2772,0.7835494843825026
2773,0.6002581815607495
2774,0.9581408036473709
2775,0.7822628281571168
2776,0.7541289578019739
2777,0.9120532626144094
2778,0.7688589554380514
2779,0.9740428699892384
2780,0.598630500268141
2781,0.8677424346769389
2782,0.9529184614756043
2783,0.8737905913052346
2784,0.9034351883943417
2785,0.9373357807046065
2786,0.8971299671631535
2787,0.8384312345959072
2788,0.731360130848929
2789,0.8328841343776231
2790,0.8698314795368658
2791,0.8807750545276455
2792,0.7050055772467014
2793,0.9442852329877608
2794,0.9298678254955386
2795,0.9218662733072306
2796,0.8559923959267146
2797,0.7033761325895989
2798,0.5911549625664096
2799,0.9217791540030946
2800,0.8759664983031091
2801,0.9041985329641636
2802,0.9631163356763041
2803,0.9441510181228457
2804,0.6441575266528217
2805,0.7111305975792891
2806,0.7435809516211707
2807,0.9132554079255274
2808,0.84718367629871
2809,0.8383657016237237
2810,0.7747072164617295
2811,0.6786963097915896
2812,0.8859116124712701
2813,0.9920894124798931
2814,0.9590185644242436
2815,0.9172341166727213
2816,0.8201398932686793
2817,0.6773349799933628
2818,0.7622828595849042
2819,0.929871753555065
2820,0.8624604919411334
2821,0.942459357130156
2822,0.8869747281781809
2823,0.8287924654081618
2824,0.9067027315177181
2825,0.9138921455458138
2826,0.7326231125836287
2827,0.794902696658909
2828,0.7708453782816972
2829,0.8744915418122737
2830,0.9348634287170511
2831,0.8129572264126846
2832,0.8880485434854458
2833,0.9352200797326732
2834,0.9225791598200683
2835,0.9239356538089444
2836,0.9461952078260952
2837,0.8306383455056159
2838,0.807303076838535
2839,0.8243498877265553
2840,0.7588546842801015
2841,0.895232233386998
2842,0.7057168177860875
2843,0.7336635353626108
2844,0.9742649972890047
2845,0.9214248256970302
2846,0.7525668976731955
2847,0.825749958134071
2848,0.7486609771265987
2849,0.7698713689425556
2850,0.8672062356979962
2851,0.9568764501355659
2852,0.8643757738171429
2853,0.8736035129565803
2854,0.7619047119389667
2855,0.790952718029194
2856,0.935969881257408
2857,0.9369485047010582
2858,0.828427887656858
2859,0.9645440469724054
2860,0.7855617743502833
2861,0.8196774638910457
2862,0.7077561181764833
2863,0.7017792780696382
2864,0.8645582268413818
2865,0.9910031803806811
2866,0.7178679389773672
2867,0.8457125297947399
2868,0.8682308124373938
2869,0.8919247324458323
2870,0.8362332476588835
2871,0.7081058642264304
2872,0.8943015950894396
2873,0.8123813260133582
2874,0.6126311566586784
2875,0.8863848344662296
2876,0.7386936048842339
2877,0.8778012104070078
2878,0.8578991211233254
2879,0.7523914173565829
2880,0.761895562674459
2881,0.8585778058483516
2882,0.9577134513584544
2883,0.7767210923632315
2884,0.9093338057632591
2885,0.8972094629247651
2886,0.7693925811672011
2887,0.9017357342113655
2888,0.8299713693061581
2889,0.9313718362404292
2890,0.9486587555873637
2891,0.8873373256110549
2892,0.7440543659864705
2893,0.9346562734133388
2894,0.8270320645380697
2895,0.7929839047579915
2896,0.9194312244254312
2897,0.9133519901673793
2898,0.8902083058478504
2899,0.8022721826976433
2900,0.9867648770453916
2901,0.6840142006531533
2902,0.6168826463368401
2903,0.8761897936529094
2904,0.8433956339549156
2905,0.7730808236096566
2906,0.7366633200416359
2907,0.6880224769611633
2908,0.9252699251989905
2909,0.9302850022471212
2910,0.8741038939323337
2911,0.9029657757158506
2912,0.893639605785292
2913,0.9465686408704964
2914,0.9800529366987025
2915,0.806159149264292
2916,0.6658438015123386
2917,0.7497754905875054
2918,0.9903522502127033
2919,0.9600492191696699
2920,0.8677709744616978
2921,0.7262798683349035
2922,0.5152314336840608
2923,0.9428857573695936
2924,0.7978702391772737
2925,0.8036741728826311
2926,0.8561040288184417
2927,0.8696137930321153
2928,0.8730677755132216
2929,0.7405349516362083
2930,0.9786433089657874
2931,0.9929542290182668
2932,0.7768869894880651
2933,0.8730196426304074
2934,0.7674173126781014
2935,0.8863178689932562
2936,0.8804698647046139
2937,0.7847560679303573
2938,0.7782261566864164
2939,0.9553556256696144
2940,0.7457436438275524
2941,0.8399813591467393
2942,0.6300786331683543
2943,0.7810235607376609
2944,0.9306021364062866
2945,0.7868969449295202
2946,0.9277134869948237
2947,0.8259556994262274
2948,0.6697675362766823
2949,0.5548177225036858
2950,0.8303392852805427
2951,0.6048693561386953
2952,0.8684484348640362
2953,0.8190480953642739
2954,0.9156992257656925
2955,0.944055284372424
2956,0.8674774066854671
2957,0.7278674698074006
2958,0.8141098524282444
2959,0.835985442679975
2960,0.8479618382597056
2961,0.8703528144226311
2962,0.8403842920182755
2963,0.7758876746347899
2964,0.853046360116762
2965,0.875924203326854
2966,0.9766303129053634
2967,0.7868123168108656
2968,0.893423995358209
2969,0.8965521230258707
2970,0.9543379873880923
2971,0.8084434044415836
2972,0.9054939192480194
2973,0.5937144791503012
2974,0.8992318806933686
2975,0.8781270310217577
2976,0.6377116301647752
2977,0.8321239412352937
2978,0.8976871777010339
2979,0.9797236303439637
2980,0.9032582529736048
2981,0.8121170389708268
2982,0.8442889548114304
2983,0.9378390379460105
2984,0.5475688645919714
2985,0.7871684872851149
2986,0.6509896754332587
2987,0.6715432741151697
2988,0.7996455508940798
2989,0.9769345267060664
2990,0.8677677178622827
2991,0.9423313035039708
2992,0.8778292229620761
2993,0.8437679174249824
2994,0.896219263203459
2995,0.873518216054732
2996,0.914711851825896
2997,0.748870737026246
2998,0.7983836315909522
2999,0.962074580646506
3000,0.9032269456666009
3001,0.6816965170112745
3002,0.9169576780739996
3003,0.9325817961557336
3004,0.7393167092660775
3005,0.7835683842274085
3006,0.9425577240451855
3007,0.9187998082975177
3008,0.9034522361031427
3009,0.7856254574043072
3010,0.4779747389871138
3011,0.5927024081891394
3012,0.9092403501998026
3013,0.945943760140489
3014,0.7502613429565788
3015,0.9581340735858511
3016,0.9669417908087358
3017,0.6692686219055765
3018,0.8590473054699852
3019,0.9234152107334226
3020,0.7976892343984513
3021,0.898226162682413
3022,0.8322314963408703
3023,0.829818891865389
3024,0.7849504466343655
3025,0.8095792640906146
3026,0.8921688085196962
3027,0.7547811478742052
3028,0.8755774073401382
3029,0.6684828564181832
3030,0.8637161609886632
3031,0.9570279452373198
3032,0.8535765558305838
3033,0.6908943694851295
3034,0.9715117692744875
3035,0.8113229458101667
3036,0.9817856372642494
3037,0.8308416810521322
3038,0.9001145678864009
3039,0.7858549008358653
3040,0.6503940437210262
3041,0.8020182701359673
3042,0.9639061836521156
3043,0.945393627199917
3044,0.756869579193445
3045,0.7044204261616419
3046,0.9335774331469848
3047,0.8963854030445174
3048,0.841584975841752
3049,0.9479595956121076
3050,0.9080870914133097
3051,0.9381938242823356
3052,0.8514120121879668
3053,0.8804701258923717
3054,0.8896640043890729
3055,0.9311694834639203
3056,0.7872002289782316
3057,0.9431428716331662
3058,0.7762976669543026
3059,0.8547615365090625
3060,0.9414231133918416
3061,0.8234629739076533
3062,0.802815860398025
3063,0.8490594822063232
3064,0.837515240677578
3065,0.8685948267283938
3066,0.8868206002949792
3067,0.8883587742474939
3068,0.8532195172824222
3069,0.7709342626513085
3070,0.8571792095337553
3071,0.843887845193935
3072,0.9875947680941332
3073,0.5300456095819139
3074,0.961129451622721
3075,0.9080001204665504
3076,0.7001643725402295
3077,0.7640735386951879
3078,0.8132850765432283
3079,0.7847920892565727
3080,0.7350826077345051
3081,0.7980660651019875
3082,0.9015868981103967
3083,0.7768722286964794
3084,0.5529175394212201
3085,0.8807255844471319
3086,0.6219503848570207
3087,0.6607332566570064
3088,0.9458006531717397
3089,0.943050885300618
3090,0.904031578374967
3091,0.9082816120974584
3092,0.8085008594812219
3093,0.7357305520116649
3094,0.6287674391969663
3095,0.8466996296534154
3096,0.9677971156178873
3097,0.8845150343664006
3098,0.8296890787656924
3099,0.869145422489635
3100,0.901196898804713
3101,0.826714854963471
3102,0.9240371111240461
3103,0.9607989193425478
3104,0.854932981308568
3105,0.7290938295237214
3106,0.9162309713740491
3107,0.774133502374133
3108,0.9513597054267211
3109,0.7168763842756938
3110,0.8042705391867361
3111,0.8431476241325903
3112,0.8766177822358123
3113,0.7620828966217641
3114,0.8802364750182228
3115,0.6724521932338814
3116,0.7640357658753103
3117,0.7893360780606699
3118,0.871524987341773
3119,0.9321119628682901
3120,0.7648670894537444
3121,0.7950918182556448
3122,0.8697125994067167
3123,0.7946424414060291
3124,0.93434966490767
3125,0.8912859523751795
3126,0.6219531189835349
3127,0.8584503487376925
3128,0.9380361756423609
3129,0.862751279891806
3130,0.8810749698468298
3131,0.7685337699321538
3132,0.7049107913778153
3133,0.8603083939102587
3134,0.9036689258589004
3135,0.8347155558049885
3136,0.8507628610347003
3137,0.9255692643872058
3138,0.956147014441056
3139,0.8794829425191008
3140,0.9345696995019124
3141,0.746712074553059
3142,0.7721950825912755
3143,0.7338126862875097
3144,0.9070958605323587
3145,0.8020761662736731
3146,0.9400738949949232
3147,0.8314530306203378
3148,0.9492455720512673
3149,0.7603962173231793
3150,0.9641189047052897
3151,0.8357580208328999
3152,0.6266514812869396
3153,0.7709379347914397
3154,0.7833224074643457
3155,0.7541473471499764
3156,0.8350537606611295
3157,0.734485846111885
3158,0.9136848756521783
3159,0.836309450551052
3160,0.7983001281255792
3161,0.8724000370832478
3162,0.9100774653771634
3163,0.9799102055015589
3164,0.6703014132699819
3165,0.9420136395812793
3166,0.7329920313211723
3167,0.7236824816168612
3168,0.8377264411937612
3169,0.9482760617060019
3170,0.8733192044593187
3171,0.8317870580232821
3172,0.8983107218096571
3173,0.7227495810162364
3174,0.9615558265783837
3175,0.6074944712288615
3176,0.7491121359447701
3177,0.954133648172072
3178,0.6745276976483492
3179,0.8758635592443098
3180,0.7497695962880324
3181,0.8897642446671339
3182,0.9682075862302612
3183,0.9379048518834593
3184,0.977538743703806
3185,0.9318670125155146
3186,0.7972429420780427
3187,0.7864139115447916
3188,0.9561127749041785
3189,0.8036559317123534
3190,0.8834939486769653
3191,0.6539889560249785
3192,0.6125961675594654
3193,0.7721974543437072
3194,0.8371338817720756
3195,0.7437663786258555
3196,0.8534382270930646
3197,0.8967319630174646
3198,0.7263334627743266
3199,0.849291680612345
3200,0.930505145374207
3201,0.786940405941804
3202,0.8995774718616717
3203,0.8776613285306183
3204,0.817899531870275
3205,0.9156587606124419
3206,0.9052460255606107
3207,0.8554836702561119
3208,0.5450831243775826
3209,0.8462434212990961
3210,0.5450391989663208
3211,0.8429665499401728
3212,0.7201035510295979
3213,0.8435883107809419
3214,0.9161944956228077
3215,0.7540273480235957
3216,0.8605089881193122
3217,0.8858181036832081
3218,0.9710602424197189
3219,0.842435648532421
3220,0.9415476921454159
3221,0.7970058794964611
3222,0.9112042985901913
3223,0.8069970683594858
3224,0.6815367061113865
3225,0.9170895862827759
3226,0.8995467661434838
3227,0.860932749058691
3228,0.5522346597793346
3229,0.8344330868776977
3230,0.9426839536057675
3231,0.9796575763181985
3232,0.8569331835754828
3233,0.7264983291169026
3234,0.8740940429405986
3235,0.8302619530207009
3236,0.9913581653006425
3237,0.8995767840562525
3238,0.555128368317484
3239,0.8498333501250996
3240,0.763878998972279
3241,0.8247193772155751
3242,0.8548541425233676
3243,0.9138684373721842
3244,0.6900976324498936
3245,0.9078311101685451
3246,0.9199893386697775
3247,0.9445918264947138
3248,0.6657716990140591
3249,0.7587061071070739
3250,0.8655768501696715
3251,0.9645211851247378
3252,0.8920483911705697
3253,0.8370204507385953
3254,0.9110571763229147
3255,0.6769073590602559
3256,0.7608349735446427
3257,0.6607042448627511
3258,0.8724815199744504
3259,0.7061202636192376
3260,0.9505081336975816
3261,0.9090416775840686
3262,0.7140373016250476
3263,0.9295332813782754
3264,0.9260987772654424
3265,0.9885638765322454
3266,0.8871121206692145
3267,0.9523447008536864
3268,0.9138051507198195
3269,0.7992490050681942
3270,0.9284619945589984
3271,0.9077157305888919
3272,0.8089019688820275
3273,0.8377985504713661
3274,0.8726119698611953
3275,0.9043503246015666
3276,0.8908099538238162
3277,0.803630915555819
3278,0.6891604733225358
3279,0.7326309069489239
3280,0.9344885206091709
3281,0.8671628449623228
3282,0.6673257115562423
3283,0.7474173140663346
3284,0.8576008465979323
3285,0.9616551572679088
3286,0.9279416865378726
3287,0.8615189777283753
3288,0.7678599001411479
3289,0.8607975316527432
3290,0.7659882886050697
3291,0.8281150872974726
3292,0.8971682722669809
3293,0.8272798721669352
3294,0.6557572637591836
3295,0.7274364439281129
3296,0.7821512482179105
3297,0.8447212519665342
3298,0.8639593550440614
3299,0.8308480785010652
3300,0.9163480629320602
3301,0.857026964001215
3302,0.6618730536954719
3303,0.5601251544296285
3304,0.9059990215293611
3305,0.7716576454517396
3306,0.89988401971822
3307,0.6692339868059491
3308,0.7238013248225618
3309,0.7580109018006976
3310,0.830490020748046
3311,0.8694447952199409
3312,0.912346076508205
3313,0.8663241171697976
3314,0.7774114359785297
3315,0.7226547141519976
3316,0.7807236772370502
3317,0.9135232122215388
3318,0.9409367607444706
3319,0.6608058830401318
3320,0.577859030718839
3321,0.9214163677396578
3322,0.7183241248076115
3323,0.6418774300330679
3324,0.7186670951260768
3325,0.969766953290718
3326,0.728146881545028
3327,0.838705053466165
3328,0.580411083553352
3329,0.8673032133732681
3330,0.997516440970523
3331,0.7951787738650306
3332,0.8003763937849921
3333,0.8669950307082185
3334,0.708881210724071
3335,0.7173504536902079
3336,0.9614106995613246
3337,0.8171387087313747
3338,0.7739020096218876
3339,0.7692532790076262
3340,0.7984245880348807
3341,0.9066559186287907
3342,0.9098791956199135
3343,0.9359818282809292
3344,0.6358704670188459
3345,0.8215021256512021
3346,0.8813745249866971
3347,0.8076837565157132
3348,0.6019133631548984
3349,0.6676439206042012
3350,0.8357403225026439
3351,0.8804989196177866
3352,0.6822204073291461
3353,0.7857317369136471
3354,0.659821557254928
3355,0.703814425365698
3356,0.4761852713365152
3357,0.7360784642287397
3358,0.8785548668167013
3359,0.900240362313742
3360,0.8584830956675419
3361,0.8509343112722695
3362,0.7502940866523731
3363,0.884566497954939
3364,0.9674415831749013
3365,0.8254639580307881
3366,0.8960933568456986
3367,0.9667989010630559
3368,0.7870052283463346
3369,0.9874255346978887
3370,0.7787307658219788
3371,0.7499265624049061
3372,0.5986972807599857
3373,0.9323109651896007
3374,0.9581073761014983
3375,0.9085397218821727
3376,0.8850829228208759
3377,0.8451840513036026
3378,0.9692120607100493
3379,0.9814995883307641
3380,0.8577918717674878
3381,0.7202264535195446
3382,0.7145522763654986
3383,0.8307921170836058
3384,0.6407808857317681
3385,0.7546610577007998
3386,0.8553350735078631
3387,0.8890153842497345
3388,0.7945907983159146
3389,0.9599402998394735
3390,0.8817853459467497
3391,0.7760260975429496
3392,0.8088369571202236
3393,0.6815991172163025
3394,0.8282259403308456
3395,0.9148333731059041
3396,0.8175849696034776
3397,0.6806066055458441
3398,0.7645403031146559
3399,0.9323043129951949
3400,0.721051685616592
3401,0.9601863679165412
3402,0.9072003287137996
3403,0.8694723717710716
3404,0.7132184657725775
3405,0.8376519488211492
3406,0.9240042147998242
3407,0.8968679646281725
3408,0.8882910003717198
3409,0.7966613254839704
3410,0.8533665595696768
3411,0.9141910039716583
3412,0.8281286580065176
3413,0.8471418971712195
3414,0.8451673311625081
3415,0.8045338735818518
3416,0.9791377034089626
3417,0.899994103746804
3418,0.6864461869105234
3419,0.8012866317796129
3420,0.9058248425275935
3421,0.9110057925243332
3422,0.9837382483066828
3423,0.9482709883617225
3424,0.8677974078903502
3425,0.8731123254182099
3426,0.7854154050496981
3427,0.8795158566825958
3428,0.9150353796906376
3429,0.8995320100005425
3430,0.7974319823143972
3431,0.8147232875919487
3432,0.8577603005216058
3433,0.5353098989830768
3434,0.912283776859911
3435,0.7549414130656077
3436,0.8340009947818064
3437,0.8543142960446289
3438,0.7924292007382834
3439,0.843384384807553
3440,0.6191093558715078
3441,0.8582934950162566
3442,0.8090152329311834
3443,0.7499149903372495
3444,0.9045204357547059
3445,0.8325346982648733
3446,0.8014168685304871
3447,0.851089693008605
3448,0.8709542785574327
3449,0.9479233853307975
3450,0.8332529253295404
3451,0.9091512642228837
3452,0.8308155171776749
3453,0.8851280172469661
3454,0.8668906240234895
3455,0.6197694709166166
3456,0.9526086955821401
3457,0.8894055716452003
3458,0.6844706090873035
3459,0.8023880443628736
3460,0.8185342609955096
3461,0.919651510515285
3462,0.9303052691625601
3463,0.653570451990585
3464,0.8004172955192016
3465,0.889854613998718
3466,0.8529551630684143
3467,0.8574596329193872
3468,0.8262429180868224
3469,0.7761829418477226
3470,0.8940307438786654
3471,0.9172962158773136
3472,0.7682481721897728
3473,0.47292744328198655
3474,0.611038647677106
3475,0.9277552868407157
3476,0.9253746289506133
3477,0.7657983630851908
3478,0.9130534705502589
3479,0.7784894570555257
3480,0.7426127569057724
3481,0.5809190726446487
3482,0.9165164252907837
3483,0.8760368497707332
3484,0.6301069696004626
3485,0.8890243771524164
3486,0.79617320412123
3487,0.6409118311174492
3488,0.8707521701808827
3489,0.965910700048715
3490,0.7583792004157428
3491,0.799481629642717
3492,0.7285214496759372
3493,0.8836049823623497
3494,0.9307305522829404
3495,0.9071872485224859
3496,0.7111553343571082
3497,0.7929364212206834
3498,0.9010039499804554
3499,0.7597331547226354
3500,0.9630905253427435
3501,0.8823837498131081
3502,0.9263437763586362
3503,0.599190069554983
3504,0.7034316209210897
3505,0.9487035845597748
3506,0.479833939680988
3507,0.8864956145854413
3508,0.919281216226983
3509,0.8079554590450406
3510,0.9161690683071055
3511,0.8736479157123751
3512,0.7572561193440636
3513,0.8940202733493486
3514,0.8169335262102773
3515,0.762067015303167
3516,0.8361034990544368
3517,0.8221916152709874
3518,0.5715765654908885
3519,0.878383772446906
3520,0.8450531486792171
3521,0.9007851632754621
3522,0.8352979864663919
3523,0.7113986921608008
3524,0.9375240010638805
3525,0.7876238139989125
3526,0.8940186232185262
3527,0.7922789637855813
3528,0.8458490161450407
3529,0.830235400382633
3530,0.9469321919346921
3531,0.9615056556023122
3532,0.6258605642210678
3533,0.7677405866974979
3534,0.8265737008397331
3535,0.8230903634473089
3536,0.9705852050916354
3537,0.8788463341788278
3538,0.6999990592074403
3539,0.8796092947772639
3540,0.802028684546951
3541,0.7971955076284648
3542,0.926008034309144
3543,0.7692804334103982
3544,0.8704435557316094
3545,0.6972704381851454
3546,0.8038211534309485
3547,0.925120225731913
3548,0.8546491891062604
3549,0.9454849860886593
3550,0.7593739999879835
3551,0.8475400094872629
3552,0.9659800567886477
3553,0.8176258685909411
3554,0.7351883408948948
3555,0.9130919396373975
3556,0.9276775090680403
3557,0.8869167114628227
3558,0.8507781023518736
3559,0.8077698571108305
3560,0.8432412331393883
3561,0.8848743137005994
3562,0.9922394923242045
3563,0.7796497927034938
3564,0.8762489124857001
3565,0.9136271704032627
3566,0.8466501051197014
3567,0.7466516576281294
3568,0.9077764892129734
3569,0.9430134519984936
3570,0.7817317752789634
3571,0.8610643378938448
3572,0.7054610821305058
3573,0.9183535682527364
3574,0.855303650112287
3575,0.699227152981062
3576,0.7320801738288344
3577,0.7781985354871042
3578,0.8012960054361752
3579,0.9572931175838852
3580,0.9297725738973028
3581,0.702853316628914
3582,0.6906663361861106
3583,0.8421790373650346
3584,0.8877989212791528
3585,0.9149756646834959
3586,0.9892849318856617
3587,0.6864264253720791
3588,0.9659874257515967
3589,0.9077298508136178
3590,0.8476133248608373
3591,0.7709551214352602
3592,0.6618451404452157
3593,0.8496746647814175
3594,0.8023487618356578
3595,0.842039342526192
3596,0.8666408410257057
3597,0.7966059093857282
3598,0.8765732034278471
3599,0.850612806712473
3600,0.7166677541391888
3601,0.7885680896841948
3602,0.7050115822230195
3603,0.9261806189114901
3604,0.9390441449858875
3605,0.92424822937455
3606,0.8082357041572802
3607,0.8814448679477866
3608,0.9299348572835648
3609,0.6361673880509597
3610,0.7256821741452518
3611,0.8234838126773293
3612,0.9527909064747582
3613,0.8699667436851984
3614,0.9068830506766636
3615,0.6805027976854257
3616,0.8065234968696248
3617,0.9044009065907765
3618,0.9534440854408656
3619,0.7456719946645476
3620,0.9729049372369011
3621,0.9297913884196978
3622,0.8487314031994934
3623,0.6653276444566366
3624,0.9582651766640655
3625,0.8460461611898445
3626,0.6752780008174942
3627,0.3911102330365844
3628,0.9677082162549616
3629,0.4252368315184578
3630,0.4426376933387537
3631,0.7381547199495292
3632,0.8101484850540438
3633,0.723501966534889
3634,0.6435665553756418
3635,0.8379276887741859
3636,0.9653458257962733
3637,0.9859672825838314
3638,0.835595255024302
3639,0.8044624133159443
3640,0.7895437514659565
3641,0.7569143104610844
3642,0.9289201773612604
3643,0.742528882083829
3644,0.7843578690375675
3645,0.8093266146892274
3646,0.9927032069487621
3647,0.905141004584106
3648,0.9272935378748315
3649,0.7756641935314403
3650,0.809068488938355
3651,0.8540506836699373
3652,0.7971549143133058
3653,0.7115924629734758
3654,0.8702001343593081
3655,0.8718155874362813
3656,0.8139179220037022
3657,0.9115822140352204
3658,0.895871997518179
3659,0.8311653443906019
3660,0.8673520323912961
3661,0.7278626744030008
3662,0.9313850204755472
3663,0.7604081955545006
3664,0.917565248499727
3665,0.9226597571004844
3666,0.9144864878116017
3667,0.8797445754155029
3668,0.5413986321645746
3669,0.805924534095791
3670,0.9398136156627731
3671,0.7941541838827328
3672,0.961888883576833
3673,0.7735685286128458
3674,0.7727293308965181
3675,0.8499793893867601
3676,0.7866575094721808
3677,0.5302421387987025
3678,0.7963363624183489
3679,0.7538829338050007
3680,0.8906577522644871
3681,0.7721023730696043
3682,0.874198580433018
3683,0.9483962033012968
3684,0.9214750050191045
3685,0.41592506991379014
3686,0.9162497289644507
3687,0.7332207303427155
3688,0.7593247519898196
3689,0.7145515517763238
3690,0.8216224172026464
3691,0.8145270568470985
3692,0.8945246066737503
3693,0.7944098641866774
3694,0.9136335771161475
3695,0.9142287827801484
3696,0.8288948420191027
3697,0.9060983106187803
3698,0.9193301716324105
3699,0.8194946608563196
3700,0.910010095405474
3701,0.8765992838538216
3702,0.6998118996542676
3703,0.9545972547371762
3704,0.8671438354263931
3705,0.8887576556937684
3706,0.7824696548571849
3707,0.8296853024952081
3708,0.9064467923338853
3709,0.625365142513862
3710,0.7970799933069593
3711,0.708610660738194
3712,0.9047276583368354
3713,0.8664496703282006
3714,0.9701232466012567
3715,0.8606187188362941
3716,0.9311543508989333
3717,0.8602656872154908
3718,0.9727136486790621
3719,0.9640016278888014
3720,0.8179315102954214
3721,0.7066162847407843
3722,0.6123145710862627
3723,0.7475632944780983
3724,0.4358857785654995
3725,0.8132901676348742
3726,0.7254840838496267
3727,0.5187562393063835
3728,0.7272528893819444
3729,0.7481295350817004
3730,0.9257307981753717
3731,0.8592579856278336
3732,0.7408745710989394
3733,0.8629332204317869
3734,0.9285798065406453
3735,0.7733437178189326
3736,0.7244321931283848
3737,0.9670868610944701
3738,0.7401566220958182
3739,0.6250450500774015
3740,0.8392796312950909
3741,0.8759182669868361
3742,0.8017350206991463
3743,0.8956656351172104
3744,0.9642764311861738
3745,0.8580297800849347
3746,0.8644007424717289
3747,0.9790884020855906
3748,0.7365758692174884
3749,0.8257327397076891
3750,0.8040843816570162
3751,0.8597650010043608
3752,0.9719838263239241
3753,0.954635206616845
3754,0.9601513442398334
3755,0.8668565752010626
3756,0.8930779817255339
3757,0.8756214516992421
3758,0.8011707062117378
3759,0.8363128241019666
3760,0.9141871380757839
3761,0.6657184695546216
3762,0.9847824429987156
3763,0.8427586267103054
3764,0.9408997680209995
3765,0.8075610180141247
3766,0.8823785875804137
3767,0.8991576405214047
3768,0.8913453545938571
3769,0.8006166394960077
3770,0.7162742858931241
3771,0.603327199463785
3772,0.8072598930885835
3773,0.8924173262289159
3774,0.7347461176926138
3775,0.7886732868607859
3776,0.8336312527018847
3777,0.75946719852188
3778,0.7768377095576728
3779,0.9061918514723137
3780,0.7597749779338512
3781,0.7865193452133933
3782,0.8305531371410344
3783,0.8384843764477719
3784,0.6133176103564696
3785,0.8162047219610457
3786,0.9654739930209658
3787,0.8085271369897211
3788,0.8303387525150026
3789,0.8534810920853043
3790,0.8559713774210024
3791,0.7525063052110263
3792,0.6416657677199848
3793,0.7009683772742114
3794,0.9451728091966847
3795,0.7872711210686808
3796,0.7778313213239033
3797,0.9614681570243725
3798,0.7664874811163382
